date,open_price_usd,total_volume_usd,market_cap_usd
2025-05-20,0.00001322,1780550642.80,5550021652.82
2025-05-21,0.00001313,1422654178.69,5521635425.17
2025-05-22,0.00001373,2895305606.29,5773206139.23
2025-05-23,0.00001512,2307017751.10,6352250970.47
2025-05-24,0.00001390,3215801978.95,5858983557.95
2025-05-25,0.00001380,1363316569.78,5802871403.82
2025-05-26,0.00001354,1525418601.19,5694606412.28
2025-05-27,0.00001380,1694811806.36,5798330348.86
2025-05-28,0.00001390,1416122814.27,5846443435.46
2025-05-29,0.00001401,1224897281.50,5892944395.90
2025-05-30,0.00001349,1961730462.93,5684513629.51
2025-05-31,0.00001167,1871102857.21,4915268040.19
2025-06-01,0.00001166,1375681398.19,4906282729.42
2025-06-02,0.00001183,775081143.46,4979450717.47
2025-06-03,0.00001237,912501121.60,5205456838.08
2025-06-04,0.00001227,1212753609.31,5163688224.09
2025-06-05,0.00001187,763770639.44,4996357940.45
2025-06-06,0.00001070,1569762706.71,4500605886.73
2025-06-07,0.00001109,997769301.00,4666472080.43
2025-06-08,0.00001152,569995484.88,4844777282.99
2025-06-09,0.00001168,576842619.08,4913405555.81
2025-06-10,0.00001267,1155309684.29,5331837528.91
2025-06-11,0.00001310,1743364484.06,5512385630.89
2025-06-12,0.00001249,1300488303.04,5244236937.87
2025-06-13,0.00001155,1116093031.67,4861892916.75
2025-06-14,0.00001120,1649515922.59,4712626192.22
2025-06-15,0.00001096,546516016.04,4613778496.24
2025-06-16,0.00001112,628984880.21,4679416249.20
2025-06-17,0.00001066,1082480534.76,4492369444.29
2025-06-18,0.00001015,1266609352.59,4276700834.64
2025-06-19,0.00001033,774822300.25,4344125287.14
2025-06-20,0.00001030,530874813.16,4333509904.90
2025-06-21,0.00000985,779412126.24,4144784659.59
2025-06-22,0.00000914,666131301.09,3844306569.62
2025-06-23,0.00000886,1054412095.03,3727926744.87
2025-06-24,0.00000994,1182108834.62,4182660354.65
2025-06-25,0.00001003,847713344.38,4217619854.02
2025-06-26,0.00000946,677467505.68,3981895284.99
2025-06-27,0.00000913,642695801.95,3840624420.95
2025-06-28,0.00000917,551775153.10,3856256229.50
2025-06-29,0.00000956,336442618.32,4020217533.65
2025-06-30,0.00001041,603604664.77,4387059857.76
2025-07-01,0.00000974,773817673.14,4098468032.60
2025-07-02,0.00000924,475991484.35,3882586269.44
2025-07-03,0.00001007,892419321.96,4238531687.95
2025-07-04,0.00001012,1141591800.23,4256648346.18
2025-07-05,0.00000964,671604984.81,4056155867.69
2025-07-06,0.00000970,401169015.83,4083396425.27
2025-07-07,0.00001004,678184516.63,4213791024.48
2025-07-08,0.00000989,655004038.65,4162557433.16
2025-07-09,0.00001020,606869383.10,4293466856.17
2025-07-10,0.00001110,1183136257.66,4674919721.00
2025-07-11,0.00001232,4899050530.65,5179073782.73
2025-07-12,0.00001238,8225797713.10,5207670849.25
2025-07-13,0.00001217,3323820497.00,5120388248.10
2025-07-14,0.00001229,3608277072.62,5168221326.73
2025-07-15,0.00001221,5584351964.05,5137661579.73
2025-07-16,0.00001287,5564285525.61,5413101110.06
2025-07-17,0.00001358,7201507182.88,5714950192.67
2025-07-18,0.00001358,5784912616.94,5715438932.39
2025-07-19,0.00001294,7211278691.42,5443538187.49
2025-07-20,0.00001344,3108895614.28,5655754209.57
2025-07-21,0.00001407,5079895547.01,5918181526.20
2025-07-22,0.00001418,5428205310.52,5969634815.84
2025-07-23,0.00001411,5893980531.53,5935360948.80
2025-07-24,0.00001274,4857718999.84,5359927996.01
2025-07-25,0.00001236,3643065344.25,5200909394.05
2025-07-26,0.00001253,3333231244.64,5270941759.76
2025-07-27,0.00001242,1186072609.14,5224400782.60
2025-07-28,0.00001277,1370272018.77,5370508561.85
2025-07-29,0.00001185,1960853775.23,4993819509.99
2025-07-30,0.00001152,902148665.92,4845052335.70
2025-07-31,0.00001136,770335821.32,4774499045.38
2025-08-01,0.00001078,681937567.52,4528274339.53
2025-08-02,0.00001039,1030642599.87,4369732785.75
2025-08-03,0.00001013,577122637.14,4270147580.48
2025-08-04,0.00001046,390554189.65,4399995371.40
2025-08-05,0.00001077,558322032.10,4529243315.14
2025-08-06,0.00001019,561826433.30,4285615616.11
2025-08-07,0.00001056,452714118.60,4442093903.95
2025-08-08,0.00001111,614300820.52,4668252622.58
2025-08-09,0.00001182,905662611.04,4969234797.80
2025-08-10,0.00001243,941169361.87,5229946102.94
2025-08-11,0.00001208,778565625.71,5080624737.93
2025-08-12,0.00001124,907107718.74,4726544364.90
2025-08-13,0.00001217,1125873602.13,5125935947.09
2025-08-14,0.00001229,1348815478.19,5181803633.29
2025-08-15,0.00001108,1455811177.65,4664747410.87
2025-08-16,0.00001079,1399277146.57,4542705121.36
2025-08-17,0.00001108,802006807.84,4657235946.90
2025-08-18,0.00001116,541212330.31,4696982412.23
2025-08-19,0.00001069,596386393.67,4496789516.86
2025-08-20,0.00001019,552467870.11,4306299890.35
2025-08-21,0.00001067,546677208.69,4487335577.32
2025-08-22,0.00001038,456791563.62,4364559111.38
2025-08-23,0.00001158,1201761677.88,4876826016.06
2025-08-24,0.00001124,707169827.27,4729220954.94
2025-08-25,0.00001084,955748258.68,4563959969.67
2025-08-26,0.00000976,961976915.90,4109047175.59
2025-08-27,0.00001009,645284790.55,4243818662.59
2025-08-28,0.00001002,547286628.98,4215783196.64
2025-08-29,0.00001019,417799128.91,4286437150.64
2025-08-30,0.00000978,631498747.98,4119387105.76
2025-08-31,0.00000983,310775251.69,4137995956.12
2025-09-01,0.00000965,334256849.20,4061520638.55
2025-09-02,0.00000944,641607315.70,3969101251.87
2025-09-03,0.00000979,585719047.87,4118428375.93
2025-09-04,0.00000988,373962318.89,4155716495.08
2025-09-05,0.00000946,372707027.69,3983410275.46
2025-09-06,0.00000975,520906260.29,4101475611.28
2025-09-07,0.00000964,244728214.68,4058578087.66
2025-09-08,0.00000990,308014612.64,4167261721.71
2025-09-09,0.00001031,547127243.81,4337494835.46
2025-09-10,0.00001032,743149673.83,4340452126.72
2025-09-11,0.00001053,499297769.06,4431909159.70
2025-09-12,0.00001067,473759297.93,4489958592.25
2025-09-13,0.00001153,1024113516.43,4850128105.59
2025-09-14,0.00001193,1665810759.83,5020820207.56
2025-09-15,0.00001155,887662010.45,4856610261.40
2025-09-16,0.00001078,737806638.84,4526624298.68
2025-09-17,0.00001106,547395046.65,4652602911.56
2025-09-18,0.00001139,946376743.32,4779080095.82
2025-09-19,0.00001146,799088978.15,4818658337.22
2025-09-20,0.00001076,572527364.75,4520818128.91
2025-09-21,0.00001072,393324217.35,4504907701.12
2025-09-22,0.00001043,362249792.09,4387440301.65
2025-09-23,0.00000967,891456249.31,4068198781.11
2025-09-24,0.00000958,464054849.21,4034637848.38
2025-09-25,0.00000963,389053053.57,4045565017.88
2025-09-26,0.00000905,737868000.72,3806453862.43
2025-09-27,0.00000938,512577990.82,3943011837.59
2025-09-28,0.00000925,235548528.35,3892140437.36
2025-09-29,0.00000944,259885855.03,3970407095.40
2025-09-30,0.00000941,396191361.01,3958614063.07
2025-10-01,0.00000931,432033863.91,3914791489.33
2025-10-02,0.00000976,518851335.61,4105977610.14
2025-10-03,0.00001022,688769449.85,4293729947.55
2025-10-04,0.00001012,644962277.32,4257342130.06
2025-10-05,0.00000977,505312327.93,4111867845.26
2025-10-06,0.00000980,557758297.77,4126412289.47
2025-10-07,0.00001020,638018696.49,4293438551.71
2025-10-08,0.00000948,682166993.65,3983005019.59
2025-10-09,0.00000956,568300926.19,4023445665.55
2025-10-10,0.00000926,467482212.14,3896183910.26
2025-10-11,0.00000681,1529273997.61,2873160402.02
2025-10-12,0.00000673,1032702610.93,2832953396.07
2025-10-13,0.00000750,843450274.22,3146357324.04
2025-10-14,0.00000783,840057549.07,3299448485.67
2025-10-15,0.00000752,891890378.61,3164121288.61
2025-10-16,0.00000717,523464199.61,3018794522.41
2025-10-17,0.00000686,572288774.17,2886813450.68
2025-10-18,0.00000665,646428286.79,2799374629.89
2025-10-19,0.00000675,254237947.65,2840037524.02
2025-10-20,0.00000700,381226403.93,2944603369.73
2025-10-21,0.00000715,424459687.25,3007607632.14
2025-10-22,0.00000692,546658226.92,2912714556.93
2025-10-23,0.00000671,472876611.77,2819510454.79
2025-10-24,0.00000694,364705033.89,2918803008.77
2025-10-25,0.00000717,397272271.97,3015740204.20
2025-10-26,0.00000716,211663605.15,3013829261.47
2025-10-27,0.00000734,374620652.98,3089860289.96
2025-10-28,0.00000713,393227881.42,2999057834.87
2025-10-29,0.00000699,344533120.09,2939830307.56
2025-10-30,0.00000702,471966755.55,2949470217.97
2025-10-31,0.00000643,536169355.94,2704782704.74
2025-11-01,0.00000656,337282791.67,2761471294.05
2025-11-02,0.00000669,206803373.26,2812999283.93
2025-11-03,0.00000671,208971190.89,2818801422.87
2025-11-04,0.00000571,667041450.86,2402440662.25
2025-11-05,0.00000560,757933086.27,2361383799.44
2025-11-06,0.00000577,396622276.95,2427660362.24
2025-11-07,0.00000553,380020867.22,2322703893.15
2025-11-08,0.00000618,586837332.35,2603682208.84
2025-11-09,0.00000609,354240401.45,2562463775.19
2025-11-10,0.00000607,324614800.15,2553886890.14
2025-11-11,0.00000623,397068002.25,2623737505.22
2025-11-12,0.00000583,345462227.35,2455392689.19
2025-11-13,0.00000571,264720303.68,2399474860.46
2025-11-14,0.00000544,395276531.26,2289552228.28
2025-11-15,0.00000492,549972128.08,2072360770.61
2025-11-16,0.00000498,260159254.38,2097182371.14
2025-11-17,0.00000488,347622418.74,2055070052.15
2025-11-18,0.00000470,389353352.69,1976814761.25
2025-11-19,0.00000486,352167554.03,2047911170.50
2025-11-20,0.00000475,385085960.92,1999425468.44
2025-11-21,0.00000446,475282568.69,1879577801.41
2025-11-22,0.00000411,680914080.86,1730492081.74
2025-11-23,0.00000413,334251252.41,1734650885.76
2025-11-24,0.00000416,289808499.80,1751892165.57
2025-11-25,0.00000456,411306625.08,1920041323.64
2025-11-26,0.00000458,331460860.83,1930567864.71
2025-11-27,0.00000469,334671683.04,1971896885.67
2025-11-28,0.00000471,257499306.32,1980383302.25
2025-11-29,0.00000463,313773996.22,1949478170.71
2025-11-30,0.00000457,210424335.51,1922197941.14
2025-12-01,0.00000456,210183493.56,1921271724.11
2025-12-02,0.00000406,458162812.86,1710120175.24
2025-12-03,0.00000457,449701875.58,1923329466.67
2025-12-04,0.00000482,475694896.10,2025932652.35
2025-12-05,0.00000477,376389846.95,2007020100.86
2025-12-06,0.00000438,322035063.59,1845237029.99
2025-12-07,0.00000451,211018345.01,1895887275.16
2025-12-08,0.00000442,318144331.43,1856689189.63
2025-12-09,0.00000475,487508912.83,1997367567.48
2025-12-10,0.00000496,506200960.41,2092907955.97
2025-12-11,0.00000465,519538843.50,1957222671.44
2025-12-12,0.00000459,411622175.98,1932433406.28
2025-12-13,0.00000433,357208836.37,1822945701.71
2025-12-14,0.00000439,190704166.67,1845036487.87
2025-12-15,0.00000417,253185003.53,1755799325.36
2025-12-16,0.00000406,355539858.24,1708598220.19
2025-12-17,0.00000409,330867955.70,1721376905.63
2025-12-18,0.00000390,345311186.76,1640535554.03
2025-12-19,0.00000371,432349696.61,1562360731.12
2025-12-20,0.00000411,429820606.14,1732585441.41
2025-12-21,0.00000408,196472637.01,1714738688.34
2025-12-22,0.00000402,238953228.36,1690153474.54
2025-12-23,0.00000400,311142807.07,1684073459.08
2025-12-24,0.00000394,208251234.71,1656819869.42
2025-12-25,0.00000397,180431818.80,1671667203.78
2025-12-26,0.00000389,165715839.90,1637194467.41
2025-12-27,0.00000403,201079350.43,1694862032.62
2025-12-28,0.00000419,175324965.06,1761815280.90
2025-12-29,0.00000417,174498216.46,1755696821.89
2025-12-30,0.00000407,234656229.22,1711781271.82
2025-12-31,0.00000414,194828899.78,1741418453.80
2026-01-01,0.00000403,168783662.75,1696739141.50
2026-01-02,0.00000493,551630926.37,2076299457.77
2026-01-03,0.00000600,1789527104.64,2529066213.72
2026-01-04,0.00000611,1093245066.78,2567234583.83
2026-01-05,0.00000715,1648214846.60,3003925221.92
2026-01-06,0.00000701,1180805569.37,2949515056.47
2026-01-07,0.00000673,948101016.71,2818254520.59
2026-01-08,0.00000656,926809916.03,2757549937.91
2026-01-09,0.00000610,780635923.25,2565577919.44
2026-01-10,0.00000612,669782430.98,2573342438.08
2026-01-11,0.00000595,294157682.99,2502505456.23
2026-01-12,0.00000579,345084873.25,2434072362.36
2026-01-13,0.00000574,560871832.49,2414582710.99
2026-01-14,0.00000650,918676500.74,2733430444.09
2026-01-15,0.00000625,1147637541.84,2627420680.16
2026-01-16,0.00000591,626310755.39,2486398728.11
2026-01-17,0.00000592,415454149.52,2490873916.87
2026-01-18,0.00000579,260475591.19,2437307029.92
2026-01-19,0.00000548,342895566.64,2310622545.51
2026-01-20,0.00000528,623552571.54,2219970600.78
2026-01-21,0.00000499,480795314.81,2102211332.75
2026-01-22,0.00000514,670243536.11,2162322840.02
2026-01-23,0.00000494,400776559.58,2079203029.63
2026-01-24,0.00000502,423828374.52,2111787215.58
2026-01-25,0.00000500,210244581.54,2102167899.95
2026-01-26,0.00000471,421397153.93,1984304287.07
2026-01-27,0.00000501,362230281.61,2107680247.90
2026-01-28,0.00000502,416815219.13,2113368812.06
2026-01-29,0.00000498,341877987.94,2097207574.60
2026-01-30,0.00000473,443123907.47,1988043219.15
2026-01-31,0.00000462,523677227.10,1945354473.04
2026-02-01,0.00000414,592527567.16,1741096873.58
2026-02-02,0.00000417,452259830.14,1759900171.94
2026-02-03,0.00000425,513821443.73,1790361282.54
2026-02-04,0.00000412,503202863.71,1734597576.76
2026-02-05,0.00000422,526020081.14,1773945106.32
2026-02-06,0.00000342,761237478.38,1438425307.49
2026-02-07,0.00000392,809977178.83,1651132042.37
2026-02-08,0.00000386,455421316.32,1623903763.00
2026-02-09,0.00000378,281288627.99,1588594546.39
2026-02-10,0.00000382,342241388.19,1606814989.23
2026-02-11,0.00000365,277442015.02,1535686845.06
2026-02-12,0.00000356,294950829.80,1497192912.98
2026-02-13,0.00000372,306160199.25,1564620310.07
2026-02-14,0.00000379,280924231.26,1596184128.50
2026-02-15,0.00000484,905253860.32,2028035736.68
2026-02-16,0.00000444,904238499.32,1867405185.89
2026-02-17,0.00000448,521706783.41,1886574475.47
2026-02-18,0.00000439,370989767.13,1848535742.95
2026-02-19,0.00000423,327325656.20,1777358030.11
2026-02-20,0.00000423,248442555.68,1779357253.95
2026-02-21,0.00000426,342508362.29,1788754020.76
2026-02-22,0.00000415,227430563.97,1747679997.73
2026-02-23,0.00000403,178477489.51,1694810878.98
2026-02-24,0.00000396,360138231.41,1667809928.43
2026-02-25,0.00000395,282896733.74,1661022134.45
2026-02-26,0.00000411,576676045.38,1724200739.71
2026-02-27,0.00000383,502376252.78,1609288825.79
2026-02-28,0.00000368,380660871.41,1546263513.73
2026-03-01,0.00000366,361703128.32,1539689024.44
2026-03-02,0.00000345,383925214.63,1451624476.21
2026-03-03,0.00000352,421737246.19,1479388490.07
2026-03-04,0.00000346,395608749.01,1457706179.87
2026-03-05,0.00000366,561546974.07,1538734058.20
2026-03-06,0.00000347,375533088.05,1461795537.28
2026-03-07,0.00000339,335837773.75,1426196356.55
2026-03-08,0.00000325,211962039.86,1365970872.21
2026-03-09,0.00000318,249627079.08,1339017218.87
2026-03-10,0.00000326,322543890.77,1371081808.10
2026-03-11,0.00000330,411686730.99,1388165087.55
2026-03-12,0.00000334,277560677.41,1403090083.69
2026-03-13,0.00000336,302668542.87,1412471601.40
2026-03-14,0.00000336,519066277.04,1415610857.37
2026-03-15,0.00000336,199124554.83,1412121889.91
2026-03-16,0.00000344,237619617.04,1447289250.28
2026-03-17,0.00000402,1074277316.12,1691419195.56
2026-03-18,0.00000366,575885053.25,1542426814.75
2026-03-19,0.00000352,454628318.52,1480209344.29
2026-03-20,0.00000341,320911327.23,1431931815.92
2026-03-21,0.00000342,236330743.98,1437526941.16
2026-03-22,0.00000336,146297345.12,1413052557.44
2026-03-23,0.00000328,261342279.11,1382641736.34
2026-03-24,0.00000345,433363390.27,1447459625.94
2026-03-25,0.00000353,283331968.92,1484000536.00
2026-03-26,0.00000353,296609873.59,1484201519.39
2026-03-27,0.00000341,235152638.57,1436100781.63
2026-03-28,0.00000328,263732764.75,1378374044.50
2026-03-29,0.00000328,176728320.78,1381567089.52
2026-03-30,0.00000327,181364363.28,1374755758.03
2026-03-31,0.00000331,232532512.25,1393053816.46
2026-04-01,0.00000339,258383000.45,1427475794.38
2026-04-02,0.00000340,271696674.90,1430837873.68
2026-04-03,0.00000333,273329496.05,1402461459.57
2026-04-04,0.00000341,266601821.57,1436276045.60
2026-04-05,0.00000340,155954244.30,1429549178.38
2026-04-06,0.00000347,196494186.11,1457969633.44
2026-04-07,0.00000332,392621600.96,1398133873.69
2026-04-08,0.00000374,432667943.71,1572522352.99
2026-04-09,0.00000354,375514745.86,1487836510.01
2026-04-10,0.00000351,301970651.11,1476372343.02
2026-04-11,0.00000363,316874253.26,1527021896.99
2026-04-12,0.00000364,290342870.34,1531035676.07
2026-04-13,0.00000346,258882376.34,1456634626.19
2026-04-14,0.00000373,353769883.12,1569545915.74
2026-04-15,0.00000357,434398593.86,1503942338.37
2026-04-16,0.00000372,343104693.82,1564627497.07
2026-04-17,0.00000398,827027136.42,1672982338.01
2026-04-18,0.00000397,629162657.80,1669569789.88
2026-04-19,0.00000378,318166507.27,1592265489.09
2026-04-20,0.00000365,393871496.14,1534665589.24
2026-04-21,0.00000376,407061634.56,1580759291.93
2026-04-22,0.00000381,348310010.31,1604729155.20
2026-04-23,0.00000380,389022703.24,1596651986.33
2026-04-24,0.00000383,315916489.91,1612250774.44
2026-04-25,0.00000386,288816874.95,1624960414.41
2026-04-26,0.00000386,171875447.76,1621675657.92
2026-04-27,0.00000390,235311545.86,1643267659.93
2026-04-28,0.00000390,378988058.22,1638548433.30
2026-04-29,0.00000388,260476521.42,1631166988.49
2026-04-30,0.00000385,577272907.67,1621537667.01
2026-05-01,0.00000388,320992658.64,1629376672.15
2026-05-02,0.00000393,284453060.07,1655102530.24
2026-05-03,0.00000399,176423785.18,1679211030.51
2026-05-04,0.00000395,196005451.72,1659706040.29
2026-05-05,0.00000398,454721781.05,1676095961.48
2026-05-06,0.00000411,443324922.82,1730142397.94
2026-05-07,0.00000416,452994994.65,1746599479.72
2026-05-08,0.00000416,376495465.43,1752110445.10
2026-05-09,0.00000431,370676949.74,1811726485.29
2026-05-10,0.00000424,223830574.07,1785732533.77
2026-05-11,0.00000441,428312384.93,1857861501.34
2026-05-12,0.00000434,368079295.44,1827538114.09
2026-05-13,0.00000414,282832421.97,1742111654.87
2026-05-14,0.00000405,240777636.08,1705307057.67
2026-05-15,0.00000409,254359605.30,1719722319.91
2026-05-16,0.00000391,262040789.96,1643338573.99
2026-05-17,0.00000376,165103268.01,1582220518.93
2026-05-18,0.00000365,172642325.87,1526323220.56
2026-05-19,0.00000369,209897440.69,1553615854.13
2026-05-20,0.00000364,120740681.78,1532992836.78
2026-05-21,0.00000371,133791720.26,1560622311.08
2026-05-22,0.00000380,160688039.13,1598098058.87
2026-05-23,0.00000360,166644186.74,1513608446.81
2026-05-24,0.00000364,218534270.85,1530908636.38
2026-05-25,0.00000357,123164462.94,1503910958.19
2026-05-26,3.59e-06,134735853.06,1511178016.3
2026-05-27,3.51e-06,206084537.8,1478153108.58
2026-05-28,3.47e-06,218747379.51,1458557140.25
2026-05-29,3.37e-06,228137216.95,1418949611.63
2026-05-30,3.38e-06,152811102.79,1423466401.16
2026-05-31,3.4e-06,100170630.56,1431163291.0
2026-06-01,3.41e-06,118916870.95,1433573342.72
2026-06-02,3.41e-06,191353317.84,1435224041.83
2026-06-03,3.1e-06,251655466.43,1305157216.95
2026-06-04,3.12e-06,222815653.96,1313280314.29
2026-06-05,2.94e-06,301763941.48,1238159004.19
2026-06-06,2.68e-06,404988782.69,1128504683.54
2026-06-07,2.68e-06,251237282.05,1125213766.88
2026-06-08,2.81e-06,214894188.79,1182159168.96
2026-06-09,2.81e-06,172580785.86,1181345320.68
