date,puell
2014-04-28,1.143
2014-04-29,1.1571
2014-04-30,1.1591
2014-05-01,1.1826
2014-05-02,1.1498
2014-05-03,1.1227
2014-05-04,1.1197
2014-05-05,1.1047
2014-05-06,1.0963
2014-05-07,1.126
2014-05-08,1.1184
2014-05-09,1.1416
2014-05-10,1.1517
2014-05-11,1.108
2014-05-12,1.1128
2014-05-13,1.1056
2014-05-14,1.1206
2014-05-15,1.118
2014-05-16,1.1178
2014-05-17,1.117
2014-05-18,1.1104
2014-05-19,1.1071
2014-05-20,1.2028
2014-05-21,1.2131
2014-05-22,1.2936
2014-05-23,1.2947
2014-05-24,1.2878
2014-05-25,1.3976
2014-05-26,1.4185
2014-05-27,1.3896
2014-05-28,1.3905
2014-05-29,1.3712
2014-05-30,1.5019
2014-05-31,1.4955
2014-06-01,1.5377
2014-06-02,1.5712
2014-06-03,1.5918
2014-06-04,1.5241
2014-06-05,1.5589
2014-06-06,1.5312
2014-06-07,1.5332
2014-06-08,1.5237
2014-06-09,1.5044
2014-06-10,1.5112
2014-06-11,1.462
2014-06-12,1.3123
2014-06-13,1.3717
2014-06-14,1.3109
2014-06-15,1.3377
2014-06-16,1.3544
2014-06-17,1.3834
2014-06-18,1.3724
2014-06-19,1.3438
2014-06-20,1.3322
2014-06-21,1.331
2014-06-22,1.3355
2014-06-23,1.3117
2014-06-24,1.2995
2014-06-25,1.2493
2014-06-26,1.2859
2014-06-27,1.3233
2014-06-28,1.3119
2014-06-29,1.3159
2014-06-30,1.3976
2014-07-01,1.4066
2014-07-02,1.411
2014-07-03,1.3894
2014-07-04,1.3564
2014-07-05,1.353
2014-07-06,1.3558
2014-07-07,1.3268
2014-07-08,1.3238
2014-07-09,1.3198
2014-07-10,1.305
2014-07-11,1.3341
2014-07-12,1.3359
2014-07-13,1.3187
2014-07-14,1.2954
2014-07-15,1.293
2014-07-16,1.2792
2014-07-17,1.2936
2014-07-18,1.2982
2014-07-19,1.2926
2014-07-20,1.277
2014-07-21,1.272
2014-07-22,1.2664
2014-07-23,1.2605
2014-07-24,1.22
2014-07-25,1.2172
2014-07-26,1.2011
2014-07-27,1.1909
2014-07-28,1.1774
2014-07-29,1.1671
2014-07-30,1.1223
2014-07-31,1.1641
2014-08-01,1.1823
2014-08-02,1.168
2014-08-03,1.1597
2014-08-04,1.1582
2014-08-05,1.1475
2014-08-06,1.1463
2014-08-07,1.1509
2014-08-08,1.1552
2014-08-09,1.1467
2014-08-10,1.1445
2014-08-11,1.1124
2014-08-12,1.098
2014-08-13,1.0497
2014-08-14,0.9705
2014-08-15,0.9466
2014-08-16,0.9997
2014-08-17,0.9474
2014-08-18,0.879
2014-08-19,0.9236
2014-08-20,0.9789
2014-08-21,0.9796
2014-08-22,0.978
2014-08-23,0.9397
2014-08-24,0.9596
2014-08-25,0.9432
2014-08-26,0.9605
2014-08-27,0.9583
2014-08-28,0.9498
2014-08-29,0.9501
2014-08-30,0.936
2014-08-31,0.8944
2014-09-01,0.885
2014-09-02,0.8814
2014-09-03,0.8799
2014-09-04,0.9058
2014-09-05,0.887
2014-09-06,0.8893
2014-09-07,0.8844
2014-09-08,0.8655
2014-09-09,0.8651
2014-09-10,0.8734
2014-09-11,0.8706
2014-09-12,0.8642
2014-09-13,0.8669
2014-09-14,0.8633
2014-09-15,0.8586
2014-09-16,0.8383
2014-09-17,0.8225
2014-09-18,0.7652
2014-09-19,0.7095
2014-09-20,0.736
2014-09-21,0.7137
2014-09-22,0.7157
2014-09-23,0.7783
2014-09-24,0.7541
2014-09-25,0.73
2014-09-26,0.7199
2014-09-27,0.7102
2014-09-28,0.6701
2014-09-29,0.6642
2014-09-30,0.6887
2014-10-01,0.6764
2014-10-02,0.6596
2014-10-03,0.6311
2014-10-04,0.5804
2014-10-05,0.575
2014-10-06,0.5808
2014-10-07,0.5855
2014-10-08,0.6231
2014-10-09,0.6312
2014-10-10,0.629
2014-10-11,0.6318
2014-10-12,0.6568
2014-10-13,0.6785
2014-10-14,0.6974
2014-10-15,0.6859
2014-10-16,0.6628
2014-10-17,0.6636
2014-10-18,0.6782
2014-10-19,0.6737
2014-10-20,0.6606
2014-10-21,0.6645
2014-10-22,0.6588
2014-10-23,0.618
2014-10-24,0.6143
2014-10-25,0.6012
2014-10-26,0.6061
2014-10-27,0.6024
2014-10-28,0.6076
2014-10-29,0.5754
2014-10-30,0.5932
2014-10-31,0.5806
2014-11-01,0.5586
2014-11-02,0.5583
2014-11-03,0.558
2014-11-04,0.5646
2014-11-05,0.5808
2014-11-06,0.5982
2014-11-07,0.5867
2014-11-08,0.5918
2014-11-09,0.6248
2014-11-10,0.6253
2014-11-11,0.6293
2014-11-12,0.7192
2014-11-13,0.7125
2014-11-14,0.6791
2014-11-15,0.6485
2014-11-16,0.6663
2014-11-17,0.662
2014-11-18,0.6453
2014-11-19,0.6494
2014-11-20,0.6131
2014-11-21,0.6037
2014-11-22,0.6085
2014-11-23,0.6362
2014-11-24,0.6565
2014-11-25,0.6534
2014-11-26,0.6383
2014-11-27,0.6447
2014-11-28,0.6615
2014-11-29,0.6603
2014-11-30,0.6654
2014-12-01,0.6728
2014-12-02,0.6781
2014-12-03,0.6675
2014-12-04,0.6594
2014-12-05,0.6761
2014-12-06,0.6733
2014-12-07,0.6762
2014-12-08,0.6539
2014-12-09,0.6367
2014-12-10,0.6313
2014-12-11,0.6329
2014-12-12,0.643
2014-12-13,0.6374
2014-12-14,0.6439
2014-12-15,0.6354
2014-12-16,0.6071
2014-12-17,0.5903
2014-12-18,0.5743
2014-12-19,0.5898
2014-12-20,0.6118
2014-12-21,0.5953
2014-12-22,0.6157
2014-12-23,0.6243
2014-12-24,0.6033
2014-12-25,0.5969
2014-12-26,0.6161
2014-12-27,0.5927
2014-12-28,0.5976
2014-12-29,0.5916
2014-12-30,0.5881
2014-12-31,0.6033
2015-01-01,0.5983
2015-01-02,0.6006
2015-01-03,0.5489
2015-01-04,0.5014
2015-01-05,0.5267
2015-01-06,0.5521
2015-01-07,0.574
2015-01-08,0.5535
2015-01-09,0.5651
2015-01-10,0.5375
2015-01-11,0.5249
2015-01-12,0.5289
2015-01-13,0.4379
2015-01-14,0.3417
2015-01-15,0.4194
2015-01-16,0.4113
2015-01-17,0.4
2015-01-18,0.4205
2015-01-19,0.4332
2015-01-20,0.4266
2015-01-21,0.4557
2015-01-22,0.4736
2015-01-23,0.477
2015-01-24,0.5097
2015-01-25,0.5232
2015-01-26,0.561
2015-01-27,0.538
2015-01-29,0.484
2015-01-30,0.4775
2015-01-31,0.4569
2015-02-01,0.4758
2015-02-02,0.5065
2015-02-03,0.4786
2015-02-04,0.4788
2015-02-05,0.4626
2015-02-06,0.4762
2015-02-07,0.4879
2015-02-08,0.4801
2015-02-09,0.4754
2015-02-10,0.4779
2015-02-11,0.4758
2015-02-12,0.4836
2015-02-13,0.5146
2015-02-14,0.5668
2015-02-15,0.5111
2015-02-16,0.5188
2015-02-17,0.5344
2015-02-18,0.5184
2015-02-19,0.5322
2015-02-20,0.5418
2015-02-21,0.5431
2015-02-22,0.5251
2015-02-23,0.5319
2015-02-24,0.5345
2015-02-25,0.5326
2015-02-26,0.5307
2015-02-27,0.5716
2015-02-28,0.5721
2015-03-01,0.5825
2015-03-02,0.6113
2015-03-03,0.6365
2015-03-04,0.6205
2015-03-05,0.6262
2015-03-06,0.622
2015-03-07,0.6309
2015-03-08,0.63
2015-03-09,0.6651
2015-03-10,0.6689
2015-03-11,0.6833
2015-03-12,0.68
2015-03-13,0.6679
2015-03-14,0.6542
2015-03-15,0.6644
2015-03-16,0.6772
2015-03-17,0.6652
2015-03-18,0.5994
2015-03-19,0.6111
2015-03-20,0.6146
2015-03-21,0.6126
2015-03-22,0.6335
2015-03-23,0.6305
2015-03-24,0.5823
2015-03-25,0.5861
2015-03-26,0.5905
2015-03-27,0.5908
2015-03-28,0.6038
2015-03-29,0.5805
2015-03-30,0.5926
2015-03-31,0.5856
2015-04-01,0.5949
2015-04-02,0.6092
2015-04-03,0.613
2015-04-04,0.6131
2015-04-05,0.6293
2015-04-06,0.6198
2015-04-07,0.6153
2015-04-08,0.5944
2015-04-09,0.5926
2015-04-10,0.5723
2015-04-11,0.5774
2015-04-12,0.5764
2015-04-13,0.5483
2015-04-14,0.5345
2015-04-15,0.5476
2015-04-16,0.561
2015-04-17,0.5484
2015-04-18,0.5507
2015-04-19,0.551
2015-04-20,0.556
2015-04-21,0.5828
2015-04-22,0.5816
2015-04-23,0.586
2015-04-24,0.5766
2015-04-25,0.5651
2015-04-26,0.5474
2015-04-27,0.5735
2015-04-28,0.5669
2015-04-29,0.5687
2015-04-30,0.5952
2015-05-01,0.5873
2015-05-02,0.5943
2015-05-03,0.6071
2015-05-04,0.6056
2015-05-05,0.5989
2015-05-06,0.5841
2015-05-07,0.6027
2015-05-08,0.6209
2015-05-09,0.6163
2015-05-10,0.6122
2015-05-11,0.6189
2015-05-12,0.6189
2015-05-13,0.6043
2015-05-14,0.6083
2015-05-15,0.61
2015-05-16,0.6083
2015-05-17,0.6094
2015-05-18,0.601
2015-05-19,0.6005
2015-05-20,0.6069
2015-05-21,0.6115
2015-05-22,0.627
2015-05-23,0.6233
2015-05-24,0.6303
2015-05-25,0.6216
2015-05-26,0.6233
2015-05-27,0.6241
2015-05-28,0.6263
2015-05-29,0.6267
2015-05-30,0.6186
2015-05-31,0.6104
2015-06-01,0.5952
2015-06-02,0.6035
2015-06-03,0.6047
2015-06-04,0.6031
2015-06-05,0.6065
2015-06-06,0.61
2015-06-07,0.6073
2015-06-08,0.6231
2015-06-09,0.6273
2015-06-10,0.6278
2015-06-11,0.6324
2015-06-12,0.6359
2015-06-13,0.6434
2015-06-14,0.648
2015-06-15,0.6595
2015-06-16,0.6981
2015-06-17,0.6922
2015-06-18,0.6965
2015-06-19,0.6829
2015-06-20,0.6917
2015-06-21,0.6894
2015-06-22,0.7005
2015-06-23,0.6927
2015-06-24,0.6851
2015-06-25,0.6925
2015-06-26,0.6942
2015-06-27,0.7194
2015-06-28,0.7148
2015-06-29,0.7397
2015-06-30,0.7593
2015-07-01,0.7474
2015-07-02,0.7414
2015-07-03,0.7452
2015-07-04,0.7629
2015-07-05,0.7963
2015-07-06,0.7914
2015-07-07,0.7842
2015-07-08,0.799
2015-07-09,0.7991
2015-07-10,0.8494
2015-07-11,0.8721
2015-07-12,0.9293
2015-07-13,0.8732
2015-07-14,0.8637
2015-07-15,0.8578
2015-07-16,0.8382
2015-07-17,0.8457
2015-07-18,0.8363
2015-07-19,0.8337
2015-07-20,0.8497
2015-07-21,0.8451
2015-07-22,0.8514
2015-07-23,0.8521
2015-07-24,0.8943
2015-07-25,0.8965
2015-07-26,0.9092
2015-07-27,0.9144
2015-07-28,0.921
2015-07-29,0.9068
2015-07-30,0.9032
2015-07-31,0.8954
2015-08-01,0.8883
2015-08-02,0.894
2015-08-03,0.8967
2015-08-04,0.9067
2015-08-05,0.9001
2015-08-06,0.8916
2015-08-07,0.8956
2015-08-08,0.8379
2015-08-09,0.855
2015-08-10,0.855
2015-08-11,0.8779
2015-08-12,0.8732
2015-08-13,0.8623
2015-08-14,0.8693
2015-08-15,0.8559
2015-08-16,0.849
2015-08-17,0.8485
2015-08-18,0.8372
2015-08-19,0.7491
2015-08-20,0.7796
2015-08-21,0.7739
2015-08-22,0.7653
2015-08-23,0.761
2015-08-24,0.7054
2015-08-25,0.7451
2015-08-26,0.7603
2015-08-27,0.7545
2015-08-28,0.786
2015-08-29,0.7772
2015-08-30,0.7778
2015-08-31,0.7867
2015-09-01,0.7785
2015-09-02,0.7854
2015-09-03,0.7801
2015-09-04,0.794
2015-09-05,0.8121
2015-09-06,0.8292
2015-09-07,0.8359
2015-09-08,0.8484
2015-09-09,0.8307
2015-09-10,0.8355
2015-09-11,0.8417
2015-09-12,0.8257
2015-09-13,0.8121
2015-09-14,0.813
2015-09-15,0.8139
2015-09-16,0.8107
2015-09-17,0.8278
2015-09-18,0.8281
2015-09-19,0.8258
2015-09-20,0.825
2015-09-21,0.8114
2015-09-22,0.825
2015-09-23,0.8263
2015-09-24,0.8426
2015-09-25,0.8479
2015-09-26,0.8478
2015-09-27,0.843
2015-09-28,0.8677
2015-09-29,0.8615
2015-09-30,0.8584
2015-10-01,0.8658
2015-10-02,0.8653
2015-10-03,0.8727
2015-10-04,0.8726
2015-10-05,0.8794
2015-10-06,0.9026
2015-10-07,0.8915
2015-10-08,0.8911
2015-10-09,0.8969
2015-10-10,0.902
2015-10-11,0.9112
2015-10-12,0.905
2015-10-13,0.9203
2015-10-14,0.9337
2015-10-15,0.9422
2015-10-16,0.9721
2015-10-17,1.0029
2015-10-18,0.9739
2015-10-19,0.9825
2015-10-20,1.0062
2015-10-21,0.9952
2015-10-22,1.0208
2015-10-23,1.0361
2015-10-24,1.0577
2015-10-25,1.0652
2015-10-26,1.0687
2015-10-27,1.1041
2015-10-28,1.1377
2015-10-29,1.1767
2015-10-30,1.2213
2015-10-31,1.171
2015-11-01,1.2189
2015-11-02,1.3151
2015-11-03,1.492
2015-11-04,1.5137
2015-11-05,1.4496
2015-11-06,1.3943
2015-11-07,1.4469
2015-11-08,1.3883
2015-11-09,1.4219
2015-11-10,1.2588
2015-11-11,1.144
2015-11-12,1.264
2015-11-13,1.2628
2015-11-14,1.2419
2015-11-15,1.2015
2015-11-16,1.2429
2015-11-17,1.2577
2015-11-18,1.2596
2015-11-19,1.2231
2015-11-20,1.2082
2015-11-21,1.2226
2015-11-22,1.2163
2015-11-23,1.2146
2015-11-24,1.2044
2015-11-25,1.2359
2015-11-26,1.3419
2015-11-27,1.3524
2015-11-28,1.342
2015-11-29,1.3996
2015-11-30,1.4251
2015-12-01,1.3695
2015-12-02,1.3523
2015-12-03,1.3606
2015-12-04,1.3677
2015-12-05,1.4724
2015-12-06,1.4848
2015-12-07,1.4858
2015-12-08,1.5552
2015-12-09,1.571
2015-12-10,1.5682
2015-12-11,1.6999
2015-12-12,1.6326
2015-12-13,1.6346
2015-12-14,1.661
2015-12-15,1.7403
2015-12-16,1.6969
2015-12-17,1.7042
2015-12-18,1.7291
2015-12-19,1.7199
2015-12-20,1.6399
2015-12-21,1.6258
2015-12-22,1.618
2015-12-23,1.6405
2015-12-24,1.6833
2015-12-25,1.6841
2015-12-26,1.5397
2015-12-27,1.5634
2015-12-28,1.5499
2015-12-29,1.5902
2015-12-30,1.5687
2015-12-31,1.5827
2016-01-01,1.5929
2016-01-02,1.5906
2016-01-03,1.5737
2016-01-04,1.5835
2016-01-05,1.5757
2016-01-06,1.5703
2016-01-07,1.6588
2016-01-08,1.65
2016-01-09,1.6256
2016-01-10,1.6176
2016-01-11,1.6189
2016-01-12,1.6068
2016-01-13,1.5551
2016-01-14,1.5415
2016-01-15,1.3116
2016-01-16,1.377
2016-01-17,1.3801
2016-01-18,1.3732
2016-01-19,1.3492
2016-01-20,1.488
2016-01-21,1.446
2016-01-22,1.3355
2016-01-23,1.3774
2016-01-24,1.4225
2016-01-25,1.3827
2016-01-26,1.3813
2016-01-27,1.3868
2016-01-28,1.3328
2016-01-29,1.3286
2016-01-30,1.3198
2016-01-31,1.274
2016-02-01,1.2956
2016-02-02,1.3003
2016-02-03,1.282
2016-02-04,1.3505
2016-02-05,1.3391
2016-02-06,1.2996
2016-02-07,1.2999
2016-02-08,1.283
2016-02-09,1.2907
2016-02-10,1.3091
2016-02-11,1.2976
2016-02-12,1.3151
2016-02-13,1.3396
2016-02-14,1.3848
2016-02-15,1.3664
2016-02-16,1.3902
2016-02-17,1.4215
2016-02-18,1.4346
2016-02-19,1.4253
2016-02-20,1.4964
2016-02-21,1.4854
2016-02-22,1.4797
2016-02-23,1.4182
2016-02-24,1.4255
2016-02-25,1.4229
2016-02-26,1.4334
2016-02-27,1.4482
2016-02-28,1.4481
2016-02-29,1.4594
2016-03-01,1.4388
2016-03-02,1.414
2016-03-03,1.3977
2016-03-04,1.3602
2016-03-05,1.3183
2016-03-06,1.3422
2016-03-07,1.3697
2016-03-08,1.3621
2016-03-09,1.362
2016-03-10,1.3736
2016-03-11,1.382
2016-03-12,1.3525
2016-03-13,1.3564
2016-03-14,1.3618
2016-03-15,1.3637
2016-03-16,1.365
2016-03-17,1.3691
2016-03-18,1.3342
2016-03-19,1.3274
2016-03-20,1.3424
2016-03-21,1.3381
2016-03-22,1.3534
2016-03-23,1.3569
2016-03-24,1.3445
2016-03-25,1.3453
2016-03-26,1.3464
2016-03-27,1.3722
2016-03-28,1.3617
2016-03-29,1.3365
2016-03-30,1.325
2016-03-31,1.3319
2016-04-01,1.3344
2016-04-02,1.3418
2016-04-03,1.3352
2016-04-04,1.3373
2016-04-05,1.3456
2016-04-06,1.3404
2016-04-07,1.3365
2016-04-08,1.3262
2016-04-09,1.3168
2016-04-10,1.3304
2016-04-11,1.3329
2016-04-12,1.3419
2016-04-13,1.3335
2016-04-14,1.3332
2016-04-15,1.3467
2016-04-16,1.3473
2016-04-17,1.3359
2016-04-18,1.335
2016-04-19,1.3571
2016-04-20,1.3719
2016-04-21,1.3978
2016-04-22,1.3841
2016-04-23,1.3949
2016-04-24,1.4171
2016-04-25,1.4159
2016-04-26,1.4358
2016-04-27,1.3625
2016-04-28,1.3739
2016-04-29,1.3934
2016-04-30,1.3644
2016-05-01,1.3762
2016-05-02,1.3493
2016-05-03,1.3645
2016-05-04,1.3525
2016-05-05,1.3555
2016-05-06,1.3913
2016-05-07,1.3817
2016-05-08,1.3793
2016-05-09,1.3842
2016-05-10,1.3476
2016-05-11,1.3508
2016-05-12,1.356
2016-05-13,1.3574
2016-05-14,1.3535
2016-05-15,1.358
2016-05-16,1.3468
2016-05-17,1.3371
2016-05-18,1.3375
2016-05-19,1.2975
2016-05-20,1.2993
2016-05-21,1.3009
2016-05-22,1.2857
2016-05-23,1.2968
2016-05-24,1.3022
2016-05-25,1.3096
2016-05-26,1.321
2016-05-27,1.377
2016-05-28,1.5323
2016-05-29,1.5174
2016-05-30,1.5415
2016-05-31,1.5296
2016-06-01,1.5482
2016-06-02,1.5434
2016-06-03,1.6295
2016-06-04,1.6338
2016-06-05,1.6321
2016-06-06,1.6589
2016-06-07,1.6328
2016-06-08,1.6431
2016-06-09,1.6231
2016-06-10,1.6233
2016-06-11,1.6705
2016-06-12,1.8709
2016-06-13,1.9547
2016-06-14,1.8972
2016-06-15,1.911
2016-06-16,2.1019
2016-06-17,2.0501
2016-06-18,2.0624
2016-06-19,2.0741
2016-06-20,1.9857
2016-06-21,1.7931
2016-06-22,1.5919
2016-06-23,1.6714
2016-06-24,1.7684
2016-06-25,1.7753
2016-06-26,1.6728
2016-06-27,1.7182
2016-06-28,1.7095
2016-06-29,1.6801
2016-06-30,1.7649
2016-07-01,1.7755
2016-07-02,1.81
2016-07-03,1.7311
2016-07-04,1.7623
2016-07-05,1.7284
2016-07-06,1.745
2016-07-07,1.6444
2016-07-08,1.7095
2016-07-09,0.8393
2016-07-10,0.8345
2016-07-11,0.8328
2016-07-12,0.8606
2016-07-13,0.844
2016-07-14,0.8455
2016-07-15,0.853
2016-07-16,0.8499
2016-07-17,0.8686
2016-07-18,0.8636
2016-07-19,0.8629
2016-07-20,0.8578
2016-07-21,0.8504
2016-07-22,0.8319
2016-07-23,0.8372
2016-07-24,0.8439
2016-07-25,0.8356
2016-07-26,0.8313
2016-07-27,0.8366
2016-07-28,0.8367
2016-07-29,0.8383
2016-07-30,0.8345
2016-07-31,0.7951
2016-08-01,0.772
2016-08-02,0.6592
2016-08-03,0.7232
2016-08-04,0.735
2016-08-05,0.7342
2016-08-06,0.7489
2016-08-07,0.7551
2016-08-08,0.7525
2016-08-09,0.7454
2016-08-10,0.7542
2016-08-11,0.7481
2016-08-12,0.7466
2016-08-13,0.7438
2016-08-14,0.7262
2016-08-15,0.7222
2016-08-16,0.7354
2016-08-17,0.7266
2016-08-18,0.7274
2016-08-19,0.7287
2016-08-20,0.7391
2016-08-21,0.7371
2016-08-22,0.7426
2016-08-23,0.7381
2016-08-24,0.7325
2016-08-25,0.73
2016-08-26,0.7322
2016-08-27,0.7198
2016-08-28,0.7258
2016-08-29,0.7242
2016-08-30,0.7285
2016-08-31,0.7227
2016-09-01,0.7222
2016-09-02,0.7249
2016-09-03,0.7526
2016-09-04,0.768
2016-09-05,0.7651
2016-09-06,0.7698
2016-09-07,0.7741
2016-09-08,0.7877
2016-09-09,0.7829
2016-09-10,0.7839
2016-09-11,0.7612
2016-09-12,0.7615
2016-09-13,0.7622
2016-09-14,0.764
2016-09-15,0.76
2016-09-16,0.7609
2016-09-17,0.759
2016-09-18,0.763
2016-09-19,0.7623
2016-09-20,0.7609
2016-09-21,0.7456
2016-09-22,0.7441
2016-09-23,0.7525
2016-09-24,0.7514
2016-09-25,0.7486
2016-09-26,0.7567
2016-09-27,0.754
2016-09-28,0.7528
2016-09-29,0.7539
2016-09-30,0.758
2016-10-01,0.7649
2016-10-02,0.7599
2016-10-03,0.7616
2016-10-04,0.7579
2016-10-05,0.7605
2016-10-06,0.7594
2016-10-07,0.7656
2016-10-08,0.7656
2016-10-09,0.7629
2016-10-10,0.7622
2016-10-11,0.7946
2016-10-12,0.7879
2016-10-13,0.7863
2016-10-14,0.7904
2016-10-15,0.7889
2016-10-16,0.7923
2016-10-17,0.7887
2016-10-18,0.7859
2016-10-19,0.777
2016-10-20,0.7768
2016-10-21,0.7781
2016-10-22,0.8055
2016-10-23,0.8022
2016-10-24,0.8009
2016-10-25,0.8055
2016-10-26,0.8309
2016-10-27,0.8429
2016-10-28,0.8479
2016-10-29,0.8821
2016-10-30,0.8595
2016-10-31,0.861
2016-11-01,0.8986
2016-11-02,0.9049
2016-11-03,0.846
2016-11-04,0.866
2016-11-05,0.8685
2016-11-06,0.8787
2016-11-07,0.8713
2016-11-08,0.875
2016-11-09,0.89
2016-11-10,0.8798
2016-11-11,0.8827
2016-11-12,0.868
2016-11-13,0.8661
2016-11-14,0.8699
2016-11-15,0.8779
2016-11-16,0.9131
2016-11-17,0.9099
2016-11-18,0.9219
2016-11-19,0.924
2016-11-20,0.8966
2016-11-21,0.9063
2016-11-22,0.9203
2016-11-23,0.9114
2016-11-24,0.9058
2016-11-25,0.9075
2016-11-26,0.9007
2016-11-27,0.8945
2016-11-28,0.8996
2016-11-29,0.8996
2016-11-30,0.9125
2016-12-01,0.9256
2016-12-02,0.9477
2016-12-03,0.9398
2016-12-04,0.9417
2016-12-05,0.9245
2016-12-06,0.9325
2016-12-07,0.9391
2016-12-08,0.9452
2016-12-09,0.9468
2016-12-10,0.9513
2016-12-11,0.9456
2016-12-12,0.9584
2016-12-13,0.9585
2016-12-14,0.9561
2016-12-15,0.9562
2016-12-16,0.9637
2016-12-17,0.9735
2016-12-18,0.9734
2016-12-19,0.9758
2016-12-20,0.9879
2016-12-21,1.0212
2016-12-22,1.0618
2016-12-23,1.1331
2016-12-24,1.1018
2016-12-25,1.1048
2016-12-26,1.1148
2016-12-27,1.1472
2016-12-28,1.2061
2016-12-29,1.1989
2016-12-30,1.1852
2016-12-31,1.1918
2017-01-01,1.23
2017-01-02,1.2554
2017-01-03,1.2748
2017-01-04,1.3909
2017-01-05,1.218
2017-01-06,1.0992
2017-01-07,1.1067
2017-01-08,1.1165
2017-01-09,1.1089
2017-01-10,1.1136
2017-01-11,0.9646
2017-01-12,0.9834
2017-01-13,1.0144
2017-01-14,1.0059
2017-01-15,1.0107
2017-01-16,1.0184
2017-01-17,1.1112
2017-01-18,1.0736
2017-01-19,1.1016
2017-01-20,1.0946
2017-01-21,1.1287
2017-01-22,1.127
2017-01-23,1.1268
2017-01-24,1.0858
2017-01-25,1.0948
2017-01-26,1.1211
2017-01-27,1.1241
2017-01-28,1.1259
2017-01-29,1.1178
2017-01-30,1.1255
2017-01-31,1.1824
2017-02-01,1.2037
2017-02-02,1.2293
2017-02-03,1.2369
2017-02-04,1.2579
2017-02-05,1.2365
2017-02-06,1.2446
2017-02-07,1.276
2017-02-08,1.2793
2017-02-09,1.1892
2017-02-10,1.2009
2017-02-11,1.2227
2017-02-12,1.2092
2017-02-13,1.2031
2017-02-14,1.2192
2017-02-15,1.2169
2017-02-16,1.2475
2017-02-17,1.2727
2017-02-18,1.2742
2017-02-19,1.2674
2017-02-20,1.3008
2017-02-21,1.3519
2017-02-22,1.3481
2017-02-23,1.4213
2017-02-24,1.414
2017-02-25,1.375
2017-02-26,1.411
2017-02-27,1.4243
2017-02-28,1.4195
2017-03-01,1.4621
2017-03-02,1.5013
2017-03-03,1.5317
2017-03-04,1.5049
2017-03-05,1.5113
2017-03-06,1.5146
2017-03-07,1.456
2017-03-08,1.3561
2017-03-09,1.4035
2017-03-10,1.2949
2017-03-11,1.3889
2017-03-12,1.4451
2017-03-13,1.458
2017-03-14,1.4599
2017-03-15,1.4719
2017-03-16,1.422
2017-03-17,1.2537
2017-03-18,1.1223
2017-03-19,1.1933
2017-03-20,1.2075
2017-03-21,1.2952
2017-03-22,1.2096
2017-03-23,1.1964
2017-03-24,1.0925
2017-03-25,1.1213
2017-03-26,1.1084
2017-03-27,1.21
2017-03-28,1.2116
2017-03-29,1.2038
2017-03-30,1.1947
2017-03-31,1.2479
2017-04-01,1.255
2017-04-02,1.2688
2017-04-03,1.3152
2017-04-04,1.3153
2017-04-05,1.3047
2017-04-06,1.3745
2017-04-07,1.3679
2017-04-08,1.3578
2017-04-09,1.3625
2017-04-10,1.387
2017-04-11,1.4038
2017-04-12,1.3927
2017-04-13,1.3409
2017-04-14,1.3503
2017-04-15,1.3451
2017-04-16,1.3506
2017-04-17,1.3706
2017-04-18,1.3831
2017-04-19,1.3909
2017-04-20,1.4212
2017-04-21,1.4209
2017-04-22,1.4133
2017-04-23,1.4097
2017-04-24,1.4107
2017-04-25,1.424
2017-04-26,1.4497
2017-04-27,1.4972
2017-04-28,1.4839
2017-04-29,1.4893
2017-04-30,1.5121
2017-05-01,1.5753
2017-05-02,1.6104
2017-05-03,1.656
2017-05-04,1.6681
2017-05-05,1.6724
2017-05-06,1.7155
2017-05-07,1.7233
2017-05-08,1.8029
2017-05-09,1.8723
2017-05-10,1.9193
2017-05-11,1.9814
2017-05-12,1.8587
2017-05-13,1.9096
2017-05-14,1.9221
2017-05-15,1.8399
2017-05-16,1.8574
2017-05-17,1.9476
2017-05-18,2.0334
2017-05-19,2.1164
2017-05-20,2.1846
2017-05-21,2.1883
2017-05-22,2.2394
2017-05-23,2.4241
2017-05-24,2.5768
2017-05-25,2.4809
2017-05-26,2.362
2017-05-27,2.1676
2017-05-28,2.3022
2017-05-29,2.3631
2017-05-30,2.2335
2017-05-31,2.3913
2017-06-01,2.4916
2017-06-02,2.5613
2017-06-03,2.6002
2017-06-04,2.5839
2017-06-05,2.7388
2017-06-06,2.908
2017-06-07,2.7087
2017-06-08,2.8039
2017-06-09,2.7842
2017-06-10,2.8893
2017-06-11,2.9498
2017-06-12,2.6344
2017-06-13,2.659
2017-06-14,2.4255
2017-06-15,2.3618
2017-06-16,2.4225
2017-06-17,2.578
2017-06-18,2.4689
2017-06-19,2.5029
2017-06-20,2.6444
2017-06-21,2.5772
2017-06-22,2.5744
2017-06-23,2.5766
2017-06-24,2.4561
2017-06-25,2.4372
2017-06-26,2.319
2017-06-27,2.3518
2017-06-28,2.385
2017-06-29,2.3645
2017-06-30,2.2924
2017-07-01,2.2394
2017-07-02,2.3051
2017-07-03,2.351
2017-07-04,2.3748
2017-07-05,2.3639
2017-07-06,2.3614
2017-07-07,2.261
2017-07-08,2.3027
2017-07-09,2.2528
2017-07-10,2.1048
2017-07-11,2.0875
2017-07-12,2.1084
2017-07-13,2.0795
2017-07-14,1.9528
2017-07-15,1.7757
2017-07-16,1.6779
2017-07-17,1.8925
2017-07-18,1.9911
2017-07-19,1.9584
2017-07-20,2.3705
2017-07-21,2.2667
2017-07-22,2.3778
2017-07-23,2.3066
2017-07-24,2.3121
2017-07-25,2.145
2017-07-26,2.089
2017-07-27,2.1973
2017-07-28,2.31
2017-07-29,2.2346
2017-07-30,2.2407
2017-07-31,2.3361
2017-08-01,2.2168
2017-08-02,2.174
2017-08-03,2.2272
2017-08-04,2.2708
2017-08-05,2.568
2017-08-06,2.5162
2017-08-07,2.6322
2017-08-08,2.6583
2017-08-09,2.5811
2017-08-10,2.5945
2017-08-11,2.7274
2017-08-12,2.8898
2017-08-13,3.0377
2017-08-14,3.1294
2017-08-15,3.0869
2017-08-16,3.1476
2017-08-17,3.1419
2017-08-18,2.9821
2017-08-19,2.9739
2017-08-20,2.8721
2017-08-21,2.8062
2017-08-22,2.8394
2017-08-23,2.863
2017-08-24,2.9119
2017-08-25,2.9145
2017-08-26,2.8423
2017-08-27,2.8186
2017-08-28,2.8673
2017-08-29,2.9671
2017-08-30,3.0525
2017-08-31,3.1288
2017-09-01,3.2103
2017-09-02,2.9864
2017-09-03,3.0142
2017-09-04,2.7906
2017-09-05,2.8557
2017-09-06,2.9279
2017-09-07,2.903
2017-09-08,2.6962
2017-09-09,2.6547
2017-09-10,2.5686
2017-09-11,2.5731
2017-09-12,2.537
2017-09-13,2.372
2017-09-14,1.8859
2017-09-15,2.1715
2017-09-16,2.1718
2017-09-17,2.1296
2017-09-18,2.3912
2017-09-19,2.3113
2017-09-20,2.275
2017-09-21,2.129
2017-09-22,2.1152
2017-09-23,2.1866
2017-09-24,2.1233
2017-09-25,2.2242
2017-09-26,2.205
2017-09-27,2.353
2017-09-28,2.3405
2017-09-29,2.3252
2017-09-30,2.4057
2017-10-01,2.4198
2017-10-02,2.4257
2017-10-03,2.3768
2017-10-04,2.3159
2017-10-05,2.3353
2017-10-06,2.3533
2017-10-07,2.3711
2017-10-08,2.4415
2017-10-09,2.5313
2017-10-10,2.5217
2017-10-11,2.5268
2017-10-12,2.7832
2017-10-13,2.9081
2017-10-14,2.9228
2017-10-15,2.9046
2017-10-16,2.9068
2017-10-17,2.8439
2017-10-18,2.799
2017-10-19,2.8312
2017-10-20,2.9373
2017-10-21,2.9606
2017-10-22,2.9198
2017-10-23,2.8783
2017-10-24,2.6631
2017-10-25,2.7193
2017-10-26,2.7853
2017-10-27,2.7164
2017-10-28,2.6796
2017-10-29,2.8418
2017-10-30,2.8136
2017-10-31,2.9145
2017-11-01,3.05
2017-11-02,3.1817
2017-11-03,3.2344
2017-11-04,3.2772
2017-11-05,3.262
2017-11-06,3.1004
2017-11-07,3.1042
2017-11-08,3.2063
2017-11-09,3.0646
2017-11-10,2.8192
2017-11-11,2.6782
2017-11-12,2.4537
2017-11-13,2.669
2017-11-14,2.7456
2017-11-15,2.9898
2017-11-16,3.1765
2017-11-17,3.1391
2017-11-18,3.1324
2017-11-19,3.1805
2017-11-20,3.2372
2017-11-21,3.1701
2017-11-22,3.2002
2017-11-23,3.1217
2017-11-24,3.1584
2017-11-25,3.3081
2017-11-26,3.5038
2017-11-27,3.6528
2017-11-28,3.7743
2017-11-29,3.6009
2017-11-30,3.7579
2017-12-01,3.931
2017-12-02,3.9504
2017-12-03,3.9436
2017-12-04,4.0341
2017-12-05,4.1758
2017-12-06,4.7017
2017-12-07,6.1638
2017-12-08,5.5542
2017-12-09,4.9504
2017-12-10,5.0586
2017-12-11,5.3966
2017-12-12,5.3655
2017-12-13,5.0719
2017-12-14,5.1073
2017-12-15,5.3678
2017-12-16,5.7821
2017-12-17,5.6265
2017-12-18,5.4783
2017-12-19,5.1192
2017-12-20,4.7458
2017-12-21,4.4966
2017-12-22,3.8342
2017-12-23,4.1053
2017-12-24,3.8537
2017-12-25,3.7772
2017-12-26,4.3389
2017-12-27,4.2286
2017-12-28,3.8531
2017-12-29,3.8226
2017-12-30,3.4188
2017-12-31,3.6896
2018-01-01,3.4732
2018-01-02,3.7397
2018-01-03,3.767
2018-01-04,3.8243
2018-01-05,4.34
2018-01-06,4.293
2018-01-07,3.947
2018-01-08,3.6484
2018-01-09,3.5477
2018-01-10,3.4943
2018-01-11,3.1399
2018-01-12,3.2703
2018-01-13,3.3374
2018-01-14,3.154
2018-01-15,3.1147
2018-01-16,2.5175
2018-01-17,2.4362
2018-01-18,2.4537
2018-01-19,2.4782
2018-01-20,2.7749
2018-01-21,2.434
2018-01-22,2.2729
2018-01-23,2.2401
2018-01-24,2.3054
2018-01-25,2.2816
2018-01-26,2.2323
2018-01-27,2.302
2018-01-28,2.3303
2018-01-29,2.2164
2018-01-30,2.1919
2018-01-31,1.9639
2018-02-01,1.9787
2018-02-02,1.7668
2018-02-03,1.7129
2018-02-04,1.7375
2018-02-05,1.6001
2018-02-06,1.3144
2018-02-07,1.4741
2018-02-08,1.4501
2018-02-09,1.5579
2018-02-10,1.6353
2018-02-11,1.6146
2018-02-12,1.5325
2018-02-13,1.6651
2018-02-14,1.5855
2018-02-15,1.7473
2018-02-16,1.8656
2018-02-17,1.8649
2018-02-18,2.0112
2018-02-19,1.9138
2018-02-20,2.0092
2018-02-21,2.0708
2018-02-22,1.7878
2018-02-23,1.7906
2018-02-24,1.8305
2018-02-25,1.7239
2018-02-26,1.7092
2018-02-27,1.8168
2018-02-28,1.8703
2018-03-01,1.7991
2018-03-02,1.8797
2018-03-03,1.9121
2018-03-04,1.9472
2018-03-05,1.9263
2018-03-06,1.9578
2018-03-07,1.8142
2018-03-08,1.6841
2018-03-09,1.5806
2018-03-10,1.5506
2018-03-11,1.4809
2018-03-12,1.5785
2018-03-13,1.5265
2018-03-14,1.5184
2018-03-15,1.3642
2018-03-16,1.3684
2018-03-17,1.39
2018-03-18,1.3114
2018-03-19,1.3322
2018-03-20,1.396
2018-03-21,1.4373
2018-03-22,1.4393
2018-03-23,1.397
2018-03-24,1.4063
2018-03-25,1.3693
2018-03-26,1.3422
2018-03-27,1.2919
2018-03-28,1.2332
2018-03-29,1.2443
2018-03-30,1.1152
2018-03-31,1.0766
2018-04-01,1.086
2018-04-02,1.0618
2018-04-03,1.097
2018-04-04,1.1533
2018-04-05,1.0551
2018-04-06,1.0542
2018-04-07,1.017
2018-04-08,1.0537
2018-04-09,1.0665
2018-04-10,1.0326
2018-04-11,1.0379
2018-04-12,1.0499
2018-04-13,1.1848
2018-04-14,1.183
2018-04-15,1.1875
2018-04-16,1.2381
2018-04-17,1.2007
2018-04-18,1.1739
2018-04-19,1.2039
2018-04-20,1.2272
2018-04-21,1.2564
2018-04-22,1.3084
2018-04-23,1.2883
2018-04-24,1.3009
2018-04-25,1.4184
2018-04-26,1.2844
2018-04-27,1.3379
2018-04-28,1.2932
2018-04-29,1.3337
2018-04-30,1.3404
2018-05-01,1.3181
2018-05-02,1.2893
2018-05-03,1.2995
2018-05-04,1.3563
2018-05-05,1.3638
2018-05-06,1.378
2018-05-07,1.3481
2018-05-08,1.3055
2018-05-09,1.2796
2018-05-10,1.2898
2018-05-11,1.2474
2018-05-12,1.166
2018-05-13,1.1734
2018-05-14,1.1984
2018-05-15,1.197
2018-05-16,1.1633
2018-05-17,1.1426
2018-05-18,1.1007
2018-05-19,1.1182
2018-05-20,1.1126
2018-05-21,1.1456
2018-05-22,1.131
2018-05-23,1.0819
2018-05-24,1.0188
2018-05-25,1.0178
2018-05-26,1.0036
2018-05-27,0.9824
2018-05-28,0.9803
2018-05-29,0.9498
2018-05-30,0.9933
2018-05-31,0.9821
2018-06-01,0.9908
2018-06-02,0.9926
2018-06-03,1.0014
2018-06-04,1.0092
2018-06-05,0.9842
2018-06-06,0.9964
2018-06-07,0.9995
2018-06-08,0.9988
2018-06-09,0.9902
2018-06-10,0.9695
2018-06-11,0.8837
2018-06-12,0.897
2018-06-13,0.857
2018-06-14,0.8236
2018-06-15,0.8627
2018-06-16,0.8307
2018-06-17,0.8389
2018-06-18,0.83
2018-06-19,0.8622
2018-06-20,0.865
2018-06-21,0.8645
2018-06-22,0.8603
2018-06-23,0.7819
2018-06-24,0.7913
2018-06-25,0.7891
2018-06-26,0.7985
2018-06-27,0.7756
2018-06-28,0.7806
2018-06-29,0.7495
2018-06-30,0.787
2018-07-01,0.8094
2018-07-02,0.8015
2018-07-03,0.8362
2018-07-04,0.8227
2018-07-05,0.8298
2018-07-06,0.8255
2018-07-07,0.8326
2018-07-08,0.8511
2018-07-09,0.8425
2018-07-10,0.8346
2018-07-11,0.7903
2018-07-12,0.7979
2018-07-13,0.779
2018-07-14,0.7802
2018-07-15,0.7788
2018-07-16,0.7905
2018-07-17,0.838
2018-07-18,0.9063
2018-07-19,0.9086
2018-07-20,0.9205
2018-07-21,0.9054
2018-07-22,0.9098
2018-07-23,0.9104
2018-07-24,0.9469
2018-07-25,1.033
2018-07-26,0.9971
2018-07-27,0.969
2018-07-28,0.9936
2018-07-29,0.9975
2018-07-30,0.9964
2018-07-31,0.9932
2018-08-01,0.9373
2018-08-02,0.9205
2018-08-03,0.9104
2018-08-04,0.8935
2018-08-05,0.8439
2018-08-06,0.8462
2018-08-07,0.8319
2018-08-08,0.8053
2018-08-09,0.7503
2018-08-10,0.7821
2018-08-11,0.7378
2018-08-12,0.7418
2018-08-13,0.7548
2018-08-14,0.7501
2018-08-15,0.7411
2018-08-16,0.7472
2018-08-17,0.7517
2018-08-18,0.7817
2018-08-19,0.7592
2018-08-20,0.7697
2018-08-21,0.7415
2018-08-22,0.7675
2018-08-23,0.7514
2018-08-24,0.7727
2018-08-25,0.7914
2018-08-26,0.7969
2018-08-27,0.7953
2018-08-28,0.8162
2018-08-29,0.8349
2018-08-30,0.8308
2018-08-31,0.8275
2018-09-01,0.8273
2018-09-02,0.8482
2018-09-03,0.8586
2018-09-04,0.8525
2018-09-05,0.8633
2018-09-06,0.793
2018-09-07,0.7613
2018-09-08,0.749
2018-09-09,0.7232
2018-09-10,0.732
2018-09-11,0.737
2018-09-12,0.7331
2018-09-13,0.7386
2018-09-14,0.7559
2018-09-15,0.7568
2018-09-16,0.7596
2018-09-17,0.7561
2018-09-18,0.7258
2018-09-19,0.7365
2018-09-20,0.7402
2018-09-21,0.752
2018-09-22,0.7816
2018-09-23,0.7801
2018-09-24,0.7752
2018-09-25,0.7613
2018-09-26,0.7428
2018-09-27,0.7447
2018-09-28,0.7719
2018-09-29,0.7633
2018-09-30,0.7594
2018-10-01,0.7612
2018-10-02,0.7575
2018-10-03,0.7485
2018-10-04,0.7451
2018-10-05,0.7536
2018-10-06,0.7579
2018-10-07,0.7538
2018-10-08,0.7528
2018-10-09,0.7601
2018-10-10,0.7575
2018-10-11,0.7512
2018-10-12,0.7113
2018-10-13,0.717
2018-10-14,0.7202
2018-10-15,0.7216
2018-10-16,0.7592
2018-10-17,0.7561
2018-10-18,0.7559
2018-10-19,0.7423
2018-10-20,0.7383
2018-10-21,0.7438
2018-10-22,0.7433
2018-10-23,0.7412
2018-10-24,0.7365
2018-10-25,0.7373
2018-10-26,0.7345
2018-10-27,0.7356
2018-10-28,0.7341
2018-10-29,0.7367
2018-10-30,0.7152
2018-10-31,0.7197
2018-11-01,0.7237
2018-11-02,0.7254
2018-11-03,0.7308
2018-11-04,0.7268
2018-11-05,0.7228
2018-11-06,0.7303
2018-11-07,0.7372
2018-11-08,0.7488
2018-11-09,0.7393
2018-11-10,0.7306
2018-11-11,0.7325
2018-11-12,0.7328
2018-11-13,0.7302
2018-11-14,0.7283
2018-11-15,0.6597
2018-11-16,0.6485
2018-11-17,0.6402
2018-11-18,0.6394
2018-11-19,0.6444
2018-11-20,0.5593
2018-11-21,0.5097
2018-11-22,0.529
2018-11-23,0.4945
2018-11-24,0.5031
2018-11-25,0.4485
2018-11-26,0.4658
2018-11-27,0.4404
2018-11-28,0.4437
2018-11-29,0.4949
2018-11-30,0.4972
2018-12-01,0.4669
2018-12-02,0.489
2018-12-03,0.4825
2018-12-04,0.4549
2018-12-05,0.4637
2018-12-06,0.4426
2018-12-07,0.4109
2018-12-08,0.4058
2018-12-09,0.4093
2018-12-10,0.4261
2018-12-11,0.4139
2018-12-12,0.4092
2018-12-13,0.4182
2018-12-14,0.4025
2018-12-15,0.395
2018-12-16,0.3978
2018-12-17,0.3994
2018-12-18,0.4376
2018-12-19,0.4586
2018-12-20,0.4647
2018-12-21,0.5145
2018-12-22,0.4885
2018-12-23,0.505
2018-12-24,0.5044
2018-12-25,0.5166
2018-12-26,0.485
2018-12-27,0.4901
2018-12-28,0.4669
2018-12-29,0.5036
2018-12-30,0.4954
2018-12-31,0.5015
2019-01-01,0.4879
2019-01-02,0.5035
2019-01-03,0.516
2019-01-04,0.5055
2019-01-05,0.5134
2019-01-06,0.5124
2019-01-07,0.5456
2019-01-08,0.5448
2019-01-09,0.545
2019-01-10,0.5486
2019-01-11,0.5012
2019-01-12,0.5045
2019-01-13,0.502
2019-01-14,0.4897
2019-01-15,0.5132
2019-01-16,0.5034
2019-01-17,0.5092
2019-01-18,0.5141
2019-01-19,0.5124
2019-01-20,0.5253
2019-01-21,0.5076
2019-01-22,0.5079
2019-01-23,0.5152
2019-01-24,0.5145
2019-01-25,0.5175
2019-01-26,0.5189
2019-01-27,0.5204
2019-01-28,0.5206
2019-01-29,0.5044
2019-01-30,0.5032
2019-01-31,0.5111
2019-02-01,0.5087
2019-02-02,0.5146
2019-02-03,0.5191
2019-02-04,0.5154
2019-02-05,0.5179
2019-02-06,0.5195
2019-02-07,0.5108
2019-02-08,0.5099
2019-02-09,0.5516
2019-02-10,0.5532
2019-02-11,0.5555
2019-02-12,0.5499
2019-02-13,0.5515
2019-02-14,0.549
2019-02-15,0.5472
2019-02-16,0.5505
2019-02-17,0.5552
2019-02-18,0.5635
2019-02-19,0.5992
2019-02-20,0.6054
2019-02-21,0.617
2019-02-22,0.612
2019-02-23,0.6197
2019-02-24,0.6435
2019-02-25,0.5867
2019-02-26,0.6011
2019-02-27,0.6003
2019-02-28,0.6028
2019-03-01,0.6048
2019-03-02,0.6067
2019-03-03,0.6093
2019-03-04,0.6093
2019-03-05,0.5962
2019-03-06,0.6207
2019-03-07,0.6239
2019-03-08,0.6274
2019-03-09,0.6273
2019-03-10,0.6418
2019-03-11,0.6403
2019-03-12,0.6316
2019-03-13,0.6357
2019-03-14,0.6355
2019-03-15,0.6386
2019-03-16,0.6479
2019-03-17,0.6628
2019-03-18,0.6596
2019-03-19,0.6619
2019-03-20,0.6677
2019-03-21,0.6746
2019-03-22,0.6657
2019-03-23,0.6681
2019-03-24,0.6729
2019-03-25,0.6717
2019-03-26,0.6621
2019-03-27,0.6652
2019-03-28,0.6829
2019-03-29,0.6828
2019-03-30,0.6965
2019-03-31,0.6975
2019-04-01,0.6984
2019-04-02,0.7065
2019-04-03,0.8294
2019-04-04,0.8463
2019-04-05,0.8374
2019-04-06,0.858
2019-04-07,0.8632
2019-04-08,0.8871
2019-04-09,0.9032
2019-04-10,0.8876
2019-04-11,0.9117
2019-04-12,0.8677
2019-04-13,0.8748
2019-04-14,0.8743
2019-04-15,0.8886
2019-04-16,0.871
2019-04-17,0.9022
2019-04-18,0.9043
2019-04-19,0.9152
2019-04-20,0.9175
2019-04-21,0.9236
2019-04-22,0.9258
2019-04-23,0.9395
2019-04-24,0.9719
2019-04-25,0.9554
2019-04-26,0.9133
2019-04-27,0.9314
2019-04-28,0.9262
2019-04-29,0.9281
2019-04-30,0.9197
2019-05-01,0.9379
2019-05-02,0.9506
2019-05-03,0.9694
2019-05-04,1.0212
2019-05-05,1.0361
2019-05-06,1.0283
2019-05-07,1.0243
2019-05-08,1.0485
2019-05-09,1.0712
2019-05-10,1.1107
2019-05-11,1.1485
2019-05-12,1.3094
2019-05-13,1.2554
2019-05-14,1.4098
2019-05-15,1.4436
2019-05-16,1.4803
2019-05-17,1.4235
2019-05-18,1.3277
2019-05-19,1.3206
2019-05-20,1.4776
2019-05-21,1.4432
2019-05-22,1.4402
2019-05-23,1.3875
2019-05-24,1.4227
2019-05-25,1.4433
2019-05-26,1.4538
2019-05-27,1.5602
2019-05-28,1.5924
2019-05-29,1.5751
2019-05-30,1.5604
2019-05-31,1.4984
2019-06-01,1.5453
2019-06-02,1.5406
2019-06-03,1.5738
2019-06-04,1.4708
2019-06-05,1.3825
2019-06-06,1.4055
2019-06-07,1.4069
2019-06-08,1.4453
2019-06-09,1.4282
2019-06-10,1.3787
2019-06-11,1.438
2019-06-12,1.4184
2019-06-13,1.4617
2019-06-14,1.4751
2019-06-15,1.5532
2019-06-16,1.5777
2019-06-17,1.6043
2019-06-18,1.6617
2019-06-19,1.6207
2019-06-20,1.6528
2019-06-21,1.6972
2019-06-22,1.7955
2019-06-23,1.8954
2019-06-24,1.916
2019-06-25,1.9466
2019-06-26,2.0755
2019-06-27,2.2767
2019-06-28,1.9535
2019-06-29,2.152
2019-06-30,2.0801
2019-07-01,1.8876
2019-07-02,1.8406
2019-07-03,1.8687
2019-07-04,2.0624
2019-07-05,1.9297
2019-07-06,1.8841
2019-07-07,1.9299
2019-07-08,1.9525
2019-07-09,2.0877
2019-07-10,2.1302
2019-07-11,2.0604
2019-07-12,1.9237
2019-07-13,1.9894
2019-07-14,1.9198
2019-07-15,1.726
2019-07-16,1.8272
2019-07-17,1.5954
2019-07-18,1.6134
2019-07-19,1.7743
2019-07-20,1.7552
2019-07-21,1.792
2019-07-22,1.7616
2019-07-23,1.7155
2019-07-24,1.6463
2019-07-25,1.6226
2019-07-26,1.6344
2019-07-27,1.6276
2019-07-28,1.5609
2019-07-29,1.5743
2019-07-30,1.5694
2019-07-31,1.5779
2019-08-01,1.6577
2019-08-02,1.7048
2019-08-03,1.73
2019-08-04,1.7704
2019-08-05,1.7935
2019-08-06,1.9314
2019-08-07,1.8771
2019-08-08,1.9477
2019-08-09,1.9514
2019-08-10,1.919
2019-08-11,1.8298
2019-08-12,1.8613
2019-08-13,1.83
2019-08-14,1.7497
2019-08-15,1.6046
2019-08-16,1.6465
2019-08-17,1.6482
2019-08-18,1.6295
2019-08-19,1.6404
2019-08-20,1.7303
2019-08-21,1.7028
2019-08-22,1.602
2019-08-23,1.6
2019-08-24,1.638
2019-08-25,1.5976
2019-08-26,1.5867
2019-08-27,1.6227
2019-08-28,1.5942
2019-08-29,1.5275
2019-08-30,1.4839
2019-08-31,1.4985
2019-09-01,1.4997
2019-09-02,1.5171
2019-09-03,1.6076
2019-09-04,1.6515
2019-09-05,1.642
2019-09-06,1.6389
2019-09-07,1.6022
2019-09-08,1.6166
2019-09-09,1.6049
2019-09-10,1.5894
2019-09-11,1.556
2019-09-12,1.558
2019-09-13,1.5937
2019-09-14,1.5842
2019-09-15,1.5807
2019-09-16,1.5715
2019-09-17,1.5634
2019-09-18,1.5509
2019-09-19,1.5417
2019-09-20,1.5535
2019-09-21,1.5398
2019-09-22,1.5104
2019-09-23,1.515
2019-09-24,1.4616
2019-09-25,1.3103
2019-09-26,1.2706
2019-09-27,1.2175
2019-09-28,1.2295
2019-09-29,1.2349
2019-09-30,1.2101
2019-10-01,1.2403
2019-10-02,1.2537
2019-10-03,1.2503
2019-10-04,1.2234
2019-10-05,1.2196
2019-10-06,1.2165
2019-10-07,1.1785
2019-10-08,1.2213
2019-10-09,1.2203
2019-10-10,1.2778
2019-10-11,1.2751
2019-10-12,1.2318
2019-10-13,1.2353
2019-10-14,1.2315
2019-10-15,1.2391
2019-10-16,1.2129
2019-10-17,1.1877
2019-10-18,1.1973
2019-10-19,1.1784
2019-10-20,1.1766
2019-10-21,1.214
2019-10-22,1.2151
2019-10-23,1.1884
2019-10-24,1.1027
2019-10-25,1.0972
2019-10-26,1.2759
2019-10-27,1.3577
2019-10-28,1.3979
2019-10-29,1.3579
2019-10-30,1.3807
2019-10-31,1.3446
2019-11-01,1.3402
2019-11-02,1.3506
2019-11-03,1.3592
2019-11-04,1.3433
2019-11-05,1.3671
2019-11-06,1.3541
2019-11-07,1.3583
2019-11-08,1.3396
2019-11-09,1.2767
2019-11-10,1.2775
2019-11-11,1.31
2019-11-12,1.2634
2019-11-13,1.2733
2019-11-14,1.2669
2019-11-15,1.2484
2019-11-16,1.2223
2019-11-17,1.2232
2019-11-18,1.2235
2019-11-19,1.1784
2019-11-20,1.1677
2019-11-21,1.1598
2019-11-22,1.0922
2019-11-23,1.0424
2019-11-24,1.0436
2019-11-25,0.989
2019-11-26,1.0138
2019-11-27,1.0181
2019-11-28,1.063
2019-11-29,1.0552
2019-11-30,1.0938
2019-12-01,1.069
2019-12-02,1.0464
2019-12-03,1.0315
2019-12-04,1.0269
2019-12-05,1.0149
2019-12-06,1.0365
2019-12-07,1.0569
2019-12-08,1.05
2019-12-09,1.0505
2019-12-10,1.0264
2019-12-11,1.0091
2019-12-12,1.0026
2019-12-13,1.0016
2019-12-14,1.0066
2019-12-15,0.9821
2019-12-16,0.9844
2019-12-17,0.9543
2019-12-18,0.9154
2019-12-19,1.0034
2019-12-20,0.9853
2019-12-21,0.9887
2019-12-22,0.9814
2019-12-23,1.0277
2019-12-24,1.0054
2019-12-25,0.9948
2019-12-26,0.985
2019-12-27,0.9843
2019-12-28,0.9883
2019-12-29,0.9952
2019-12-30,1.0056
2019-12-31,0.9834
2020-01-01,0.976
2020-01-02,0.9746
2020-01-03,0.9424
2020-01-04,0.9866
2020-01-05,0.9922
2020-01-06,0.9907
2020-01-07,1.0411
2020-01-08,1.095
2020-01-09,1.0797
2020-01-10,1.0497
2020-01-11,1.0944
2020-01-12,1.0702
2020-01-13,1.0896
2020-01-14,1.0797
2020-01-15,1.1695
2020-01-16,1.1698
2020-01-17,1.1544
2020-01-18,1.1762
2020-01-19,1.1745
2020-01-20,1.1439
2020-01-21,1.134
2020-01-22,1.1442
2020-01-23,1.1343
2020-01-24,1.0998
2020-01-25,1.0999
2020-01-26,1.0872
2020-01-27,1.1174
2020-01-28,1.1521
2020-01-29,1.2068
2020-01-30,1.1986
2020-01-31,1.2261
2020-02-01,1.1976
2020-02-02,1.2022
2020-02-03,1.1966
2020-02-04,1.1903
2020-02-05,1.1715
2020-02-06,1.2215
2020-02-07,1.2382
2020-02-08,1.2423
2020-02-09,1.2512
2020-02-10,1.2809
2020-02-11,1.2457
2020-02-12,1.2852
2020-02-13,1.295
2020-02-14,1.2786
2020-02-15,1.288
2020-02-16,1.2322
2020-02-17,1.2357
2020-02-18,1.2058
2020-02-19,1.254
2020-02-20,1.188
2020-02-21,1.1844
2020-02-22,1.1901
2020-02-23,1.1861
2020-02-24,1.2191
2020-02-25,1.1829
2020-02-26,1.141
2020-02-27,1.0728
2020-02-28,1.0685
2020-02-29,1.059
2020-03-01,1.0374
2020-03-02,1.0376
2020-03-03,1.0767
2020-03-04,1.0569
2020-03-05,1.0554
2020-03-06,1.0874
2020-03-07,1.0971
2020-03-08,1.0673
2020-03-09,0.9628
2020-03-10,0.9472
2020-03-11,0.9442
2020-03-12,0.9464
2020-03-13,0.6131
2020-03-14,0.6604
2020-03-15,0.621
2020-03-16,0.6426
2020-03-17,0.5988
2020-03-18,0.641
2020-03-19,0.6392
2020-03-20,0.7331
2020-03-21,0.7355
2020-03-22,0.7291
2020-03-23,0.6948
2020-03-24,0.7649
2020-03-25,0.7966
2020-03-26,0.7918
2020-03-27,0.7994
2020-03-28,0.7553
2020-03-29,0.738
2020-03-30,0.6975
2020-03-31,0.7544
2020-04-01,0.7561
2020-04-02,0.7814
2020-04-03,0.8006
2020-04-04,0.7913
2020-04-05,0.8057
2020-04-06,0.7969
2020-04-07,0.8561
2020-04-08,0.8438
2020-04-09,0.8602
2020-04-10,0.8541
2020-04-11,0.8033
2020-04-12,0.8045
2020-04-13,0.808
2020-04-14,0.8011
2020-04-15,0.8009
2020-04-16,0.7736
2020-04-17,0.8234
2020-04-18,0.82
2020-04-19,0.8437
2020-04-20,0.8298
2020-04-21,0.7979
2020-04-22,0.7958
2020-04-23,0.8266
2020-04-24,0.8577
2020-04-25,0.8702
2020-04-26,0.8746
2020-04-27,0.8908
2020-04-28,0.9005
2020-04-29,0.8979
2020-04-30,1.011
2020-05-01,0.9945
2020-05-02,1.0181
2020-05-03,1.0334
2020-05-04,1.0234
2020-05-05,1.0219
2020-05-06,1.0345
2020-05-07,1.0497
2020-05-08,1.1417
2020-05-09,1.1247
2020-05-10,1.0944
2020-05-11,0.5011
2020-05-12,0.493
2020-05-13,0.5041
2020-05-14,0.533
2020-05-15,0.5631
2020-05-16,0.5356
2020-05-17,0.5399
2020-05-18,0.5571
2020-05-19,0.5601
2020-05-20,0.5636
2020-05-21,0.5507
2020-05-22,0.5242
2020-05-23,0.5289
2020-05-24,0.5318
2020-05-25,0.5069
2020-05-26,0.5164
2020-05-27,0.5146
2020-05-28,0.5348
2020-05-29,0.5571
2020-05-30,0.5508
2020-05-31,0.5653
2020-06-01,0.5545
2020-06-02,0.5963
2020-06-03,0.5586
2020-06-04,0.5667
2020-06-05,0.575
2020-06-06,0.5673
2020-06-07,0.5695
2020-06-08,0.5745
2020-06-09,0.577
2020-06-10,0.5773
2020-06-11,0.5842
2020-06-12,0.5524
2020-06-13,0.5615
2020-06-14,0.5622
2020-06-15,0.5556
2020-06-16,0.5615
2020-06-17,0.5679
2020-06-18,0.565
2020-06-19,0.5621
2020-06-20,0.5578
2020-06-21,0.5616
2020-06-22,0.559
2020-06-23,0.583
2020-06-24,0.581
2020-06-25,0.562
2020-06-26,0.5618
2020-06-27,0.5574
2020-06-28,0.5495
2020-06-29,0.5586
2020-06-30,0.5626
2020-07-01,0.5615
2020-07-02,0.5677
2020-07-03,0.5607
2020-07-04,0.5606
2020-07-05,0.5656
2020-07-06,0.5641
2020-07-07,0.5812
2020-07-08,0.5772
2020-07-09,0.5899
2020-07-10,0.5791
2020-07-11,0.5834
2020-07-12,0.5818
2020-07-13,0.5872
2020-07-14,0.5847
2020-07-15,0.5864
2020-07-16,0.5847
2020-07-17,0.5814
2020-07-18,0.5839
2020-07-19,0.5859
2020-07-20,0.5894
2020-07-21,0.5881
2020-07-22,0.6035
2020-07-23,0.613
2020-07-24,0.6189
2020-07-25,0.6166
2020-07-26,0.6278
2020-07-27,0.6439
2020-07-28,0.7122
2020-07-29,0.7095
2020-07-30,0.7228
2020-07-31,0.7255
2020-08-01,0.7404
2020-08-02,0.7735
2020-08-03,0.726
2020-08-04,0.7382
2020-08-05,0.7366
2020-08-06,0.7736
2020-08-07,0.7786
2020-08-08,0.7673
2020-08-09,0.7801
2020-08-10,0.7779
2020-08-11,0.7915
2020-08-12,0.7621
2020-08-13,0.7757
2020-08-14,0.7928
2020-08-15,0.7914
2020-08-16,0.7986
2020-08-17,0.8023
2020-08-18,0.8286
2020-08-19,0.8083
2020-08-20,0.7951
2020-08-21,0.805
2020-08-22,0.7828
2020-08-23,0.7951
2020-08-24,0.7944
2020-08-25,0.8032
2020-08-26,0.7767
2020-08-27,0.7858
2020-08-28,0.7758
2020-08-29,0.7919
2020-08-30,0.7904
2020-08-31,0.8067
2020-09-01,0.8059
2020-09-02,0.8227
2020-09-03,0.7911
2020-09-04,0.708
2020-09-05,0.7294
2020-09-06,0.7095
2020-09-07,0.7167
2020-09-08,0.7251
2020-09-09,0.7101
2020-09-10,0.7189
2020-09-11,0.7282
2020-09-12,0.7322
2020-09-13,0.738
2020-09-14,0.7316
2020-09-15,0.7566
2020-09-16,0.767
2020-09-17,0.7802
2020-09-18,0.7806
2020-09-19,0.7813
2020-09-20,0.7939
2020-09-21,0.7838
2020-09-22,0.7505
2020-09-23,0.7582
2020-09-24,0.7374
2020-09-25,0.7746
2020-09-26,0.7722
2020-09-27,0.7775
2020-09-28,0.7799
2020-09-29,0.774
2020-09-30,0.7869
2020-10-01,0.783
2020-10-02,0.7736
2020-10-03,0.7704
2020-10-04,0.7694
2020-10-05,0.7793
2020-10-06,0.7885
2020-10-07,0.7763
2020-10-08,0.7817
2020-10-09,0.7989
2020-10-10,0.8127
2020-10-11,0.83
2020-10-12,0.8376
2020-10-13,0.8506
2020-10-14,0.8429
2020-10-15,0.8444
2020-10-16,0.8496
2020-10-17,0.8374
2020-10-18,0.8416
2020-10-19,0.852
2020-10-20,0.8718
2020-10-21,0.8843
2020-10-22,0.9516
2020-10-23,0.9627
2020-10-24,0.9614
2020-10-25,0.9754
2020-10-26,0.9702
2020-10-27,0.9743
2020-10-28,1.0197
2020-10-29,0.993
2020-10-30,1.0059
2020-10-31,1.014
2020-11-01,1.0331
2020-11-02,1.0298
2020-11-03,1.0186
2020-11-04,1.0521
2020-11-05,1.0615
2020-11-06,1.1715
2020-11-07,1.1718
2020-11-08,1.1174
2020-11-09,1.1691
2020-11-10,1.1576
2020-11-11,1.1538
2020-11-12,1.1851
2020-11-13,1.2291
2020-11-14,1.234
2020-11-15,1.2168
2020-11-16,1.2087
2020-11-17,1.2639
2020-11-18,1.3345
2020-11-19,1.3475
2020-11-20,1.3463
2020-11-21,1.4064
2020-11-22,1.4098
2020-11-23,1.3862
2020-11-24,1.3826
2020-11-25,1.4362
2020-11-26,1.4095
2020-11-27,1.2875
2020-11-28,1.2871
2020-11-29,1.3299
2020-11-30,1.3629
2020-12-01,1.4694
2020-12-02,1.4118
2020-12-03,1.4368
2020-12-04,1.4522
2020-12-05,1.397
2020-12-06,1.4278
2020-12-07,1.4404
2020-12-08,1.4297
2020-12-09,1.3645
2020-12-10,1.3803
2020-12-11,1.3567
2020-12-12,1.3406
2020-12-13,1.395
2020-12-14,1.4191
2020-12-15,1.4257
2020-12-16,1.4368
2020-12-17,1.5736
2020-12-18,1.6806
2020-12-19,1.7008
2020-12-20,1.7521
2020-12-21,1.7236
2020-12-22,1.6713
2020-12-23,1.7379
2020-12-24,1.6994
2020-12-25,1.7291
2020-12-26,1.7917
2020-12-27,1.9183
2020-12-28,1.9099
2020-12-29,1.9559
2020-12-30,1.9724
2020-12-31,2.0682
2021-01-01,2.0755
2021-01-02,2.0927
2021-01-03,2.2854
2021-01-04,2.337
2021-01-05,2.2241
2021-01-06,2.3966
2021-01-07,2.5868
2021-01-08,2.7574
2021-01-09,2.8323
2021-01-10,2.7836
2021-01-11,2.6413
2021-01-12,2.4447
2021-01-13,2.3183
2021-01-14,2.5491
2021-01-15,2.6594
2021-01-16,2.4847
2021-01-17,2.4404
2021-01-18,2.4021
2021-01-19,2.4465
2021-01-20,2.4054
2021-01-21,2.3631
2021-01-22,2.0477
2021-01-23,2.1767
2021-01-24,2.1122
2021-01-25,2.1197
2021-01-26,2.1206
2021-01-27,2.1285
2021-01-28,1.9847
2021-01-29,2.154
2021-01-30,2.2145
2021-01-31,2.2116
2021-02-01,2.1328
2021-02-02,2.1492
2021-02-03,2.2762
2021-02-04,2.397
2021-02-05,2.3464
2021-02-06,2.4145
2021-02-07,2.4868
2021-02-08,2.4505
2021-02-09,2.909
2021-02-10,2.9121
2021-02-11,2.7928
2021-02-12,2.9638
2021-02-13,2.9255
2021-02-14,2.8835
2021-02-15,2.9715
2021-02-16,2.9144
2021-02-17,2.9812
2021-02-18,3.1405
2021-02-19,3.0991
2021-02-20,3.3369
2021-02-21,3.3369
2021-02-22,3.3923
2021-02-23,3.1829
2021-02-24,2.835
2021-02-25,2.888
2021-02-26,2.7099
2021-02-27,2.6722
2021-02-28,2.6658
2021-03-01,2.5585
2021-03-02,2.8182
2021-03-03,2.7341
2021-03-04,2.8349
2021-03-05,2.7182
2021-03-06,2.7256
2021-03-07,2.7089
2021-03-08,2.8213
2021-03-09,2.8615
2021-03-10,2.9739
2021-03-11,3.0275
2021-03-12,3.1039
2021-03-13,3.0593
2021-03-14,3.2468
2021-03-15,3.1247
2021-03-16,2.9152
2021-03-17,2.9491
2021-03-18,3.0416
2021-03-19,2.9655
2021-03-20,2.9629
2021-03-21,2.9507
2021-03-22,2.892
2021-03-23,2.7152
2021-03-24,2.7104
2021-03-25,2.5944
2021-03-26,2.5266
2021-03-27,2.6893
2021-03-28,2.7127
2021-03-29,2.6922
2021-03-30,2.7675
2021-03-31,2.8002
2021-04-01,2.7906
2021-04-02,2.7734
2021-04-03,2.7693
2021-04-04,2.6607
2021-04-05,2.6998
2021-04-06,2.7064
2021-04-07,2.6621
2021-04-08,2.5603
2021-04-09,2.6341
2021-04-10,2.6239
2021-04-11,2.6909
2021-04-12,2.6761
2021-04-13,2.6577
2021-04-14,2.8033
2021-04-15,2.753
2021-04-16,2.7529
2021-04-17,2.6645
2021-04-18,2.5972
2021-04-19,2.4136
2021-04-20,2.3777
2021-04-21,2.3903
2021-04-22,2.2901
2021-04-23,2.1865
2021-04-24,2.1449
2021-04-25,2.0922
2021-04-26,2.0362
2021-04-27,2.2341
2021-04-28,2.2659
2021-04-29,2.2485
2021-04-30,2.1898
2021-05-01,2.352
2021-05-02,2.3409
2021-05-03,2.282
2021-05-04,2.2962
2021-05-05,2.1378
2021-05-06,2.2866
2021-05-07,2.2405
2021-05-08,2.2651
2021-05-09,2.311
2021-05-10,2.2795
2021-05-11,2.1779
2021-05-12,2.2066
2021-05-13,1.9297
2021-05-14,1.9202
2021-05-15,1.9099
2021-05-16,1.783
2021-05-17,1.7687
2021-05-18,1.6563
2021-05-19,1.6246
2021-05-20,1.4018
2021-05-21,1.5154
2021-05-22,1.3953
2021-05-23,1.398
2021-05-24,1.2998
2021-05-25,1.4316
2021-05-26,1.4115
2021-05-27,1.4511
2021-05-28,1.4188
2021-05-29,1.3077
2021-05-30,1.2702
2021-05-31,1.3011
2021-06-01,1.3566
2021-06-02,1.3291
2021-06-03,1.3617
2021-06-04,1.4106
2021-06-05,1.3273
2021-06-06,1.274
2021-06-07,1.281
2021-06-08,1.1931
2021-06-09,1.1941
2021-06-10,1.3327
2021-06-11,1.3062
2021-06-12,1.3163
2021-06-13,1.2558
2021-06-14,1.3744
2021-06-15,1.422
2021-06-16,1.4092
2021-06-17,1.3337
2021-06-18,1.3257
2021-06-19,1.2423
2021-06-20,1.2288
2021-06-21,1.2328
2021-06-22,1.0902
2021-06-23,1.1151
2021-06-24,1.1535
2021-06-25,1.184
2021-06-26,1.0884
2021-06-27,1.0888
2021-06-28,1.1738
2021-06-29,1.1694
2021-06-30,1.2141
2021-07-01,1.1844
2021-07-02,1.1315
2021-07-03,1.1381
2021-07-04,1.1615
2021-07-05,1.1808
2021-07-06,1.1294
2021-07-07,1.1342
2021-07-08,1.1244
2021-07-09,1.089
2021-07-10,1.1208
2021-07-11,1.1095
2021-07-12,1.1266
2021-07-13,1.0902
2021-07-14,1.0687
2021-07-15,1.0731
2021-07-16,1.0334
2021-07-17,1.0207
2021-07-18,1.0248
2021-07-19,1.0334
2021-07-20,0.9994
2021-07-21,0.9667
2021-07-22,1.0424
2021-07-23,1.0411
2021-07-24,1.0725
2021-07-25,1.0944
2021-07-26,1.1316
2021-07-27,1.187
2021-07-28,1.2411
2021-07-29,1.2682
2021-07-30,1.2634
2021-07-31,1.3218
2021-08-01,1.3126
2021-08-02,1.2517
2021-08-03,1.2288
2021-08-04,1.1975
2021-08-05,1.2377
2021-08-06,1.268
2021-08-07,1.3258
2021-08-08,1.3791
2021-08-09,1.3479
2021-08-10,1.4225
2021-08-11,1.3979
2021-08-12,1.3943
2021-08-13,1.3552
2021-08-14,1.449
2021-08-15,1.4257
2021-08-16,1.4197
2021-08-17,1.3858
2021-08-18,1.3371
2021-08-19,1.3479
2021-08-20,1.3957
2021-08-21,1.4644
2021-08-22,1.4522
2021-08-23,1.4571
2021-08-24,1.4606
2021-08-25,1.4099
2021-08-26,1.4368
2021-08-27,1.3808
2021-08-28,1.4307
2021-08-29,1.4222
2021-08-30,1.4171
2021-08-31,1.3616
2021-09-01,1.3638
2021-09-02,1.4026
2021-09-03,1.4132
2021-09-04,1.4258
2021-09-05,1.4237
2021-09-06,1.4668
2021-09-07,1.4915
2021-09-08,1.3253
2021-09-09,1.296
2021-09-10,1.3046
2021-09-11,1.2531
2021-09-12,1.2608
2021-09-13,1.2851
2021-09-14,1.2524
2021-09-15,1.3042
2021-09-16,1.3295
2021-09-17,1.3174
2021-09-18,1.2959
2021-09-19,1.3207
2021-09-20,1.2927
2021-09-21,1.1688
2021-09-22,1.097
2021-09-23,1.181
2021-09-24,1.2156
2021-09-25,1.1527
2021-09-26,1.1528
2021-09-27,1.1629
2021-09-28,1.131
2021-09-29,1.0955
2021-09-30,1.1084
2021-10-01,1.1661
2021-10-02,1.2776
2021-10-03,1.2634
2021-10-04,1.2733
2021-10-05,1.2955
2021-10-06,1.3548
2021-10-07,1.4484
2021-10-08,1.4043
2021-10-09,1.403
2021-10-10,1.4275
2021-10-11,1.4124
2021-10-12,1.4814
2021-10-13,1.445
2021-10-14,1.4699
2021-10-15,1.4642
2021-10-16,1.5697
2021-10-17,1.548
2021-10-18,1.5532
2021-10-19,1.5587
2021-10-20,1.6157
2021-10-21,1.6526
2021-10-22,1.5551
2021-10-23,1.5125
2021-10-24,1.521
2021-10-25,1.5062
2021-10-26,1.5515
2021-10-27,1.4824
2021-10-28,1.4301
2021-10-29,1.4773
2021-10-30,1.5092
2021-10-31,1.4936
2021-11-01,1.4801
2021-11-02,1.4671
2021-11-03,1.5132
2021-11-04,1.5055
2021-11-05,1.4645
2021-11-06,1.4518
2021-11-07,1.4572
2021-11-08,1.4878
2021-11-09,1.5876
2021-11-10,1.5713
2021-11-11,1.5177
2021-11-12,1.5116
2021-11-13,1.4937
2021-11-14,1.4944
2021-11-15,1.5125
2021-11-16,1.4686
2021-11-17,1.3847
2021-11-18,1.3845
2021-11-19,1.2987
2021-11-20,1.3289
2021-11-21,1.3623
2021-11-22,1.3375
2021-11-23,1.2723
2021-11-24,1.2999
2021-11-25,1.2844
2021-11-26,1.3193
2021-11-27,1.2031
2021-11-28,1.2161
2021-11-29,1.2733
2021-11-30,1.2838
2021-12-01,1.2623
2021-12-02,1.2629
2021-12-03,1.2455
2021-12-04,1.183
2021-12-05,1.0793
2021-12-06,1.0797
2021-12-07,1.1038
2021-12-08,1.1058
2021-12-09,1.1011
2021-12-10,1.0416
2021-12-11,1.0272
2021-12-12,1.0673
2021-12-13,1.0828
2021-12-14,1.0086
2021-12-15,1.0438
2021-12-16,1.0534
2021-12-17,1.025
2021-12-18,0.9943
2021-12-19,1.0066
2021-12-20,1.0018
2021-12-21,1.007
2021-12-22,1.0488
2021-12-23,1.0389
2021-12-24,1.0829
2021-12-25,1.0809
2021-12-26,1.0745
2021-12-27,1.077
2021-12-28,1.0738
2021-12-29,1.0082
2021-12-30,0.9813
2021-12-31,0.9947
2022-01-01,0.9754
2022-01-02,1.0058
2022-01-03,0.9959
2022-01-04,0.9772
2022-01-05,0.9639
2022-01-06,0.9153
2022-01-07,0.906
2022-01-08,0.8705
2022-01-09,0.8752
2022-01-10,0.8774
2022-01-11,0.8773
2022-01-12,0.896
2022-01-13,0.9207
2022-01-14,0.8917
2022-01-15,0.9022
2022-01-16,0.9041
2022-01-17,0.9015
2022-01-18,0.884
2022-01-19,0.8857
2022-01-20,0.872
2022-01-21,0.8499
2022-01-22,0.762
2022-01-23,0.7342
2022-01-24,0.7575
2022-01-25,0.7671
2022-01-26,0.7714
2022-01-27,0.7687
2022-01-28,0.7769
2022-01-29,0.7887
2022-01-30,0.7964
2022-01-31,0.791
2022-02-01,0.8027
2022-02-02,0.8083
2022-02-03,0.77
2022-02-04,0.7721
2022-02-05,0.8671
2022-02-06,0.8631
2022-02-07,0.8834
2022-02-08,0.913
2022-02-09,0.9188
2022-02-10,0.923
2022-02-11,0.9074
2022-02-12,0.8831
2022-02-13,0.8794
2022-02-14,0.8794
2022-02-15,0.8878
2022-02-16,0.9284
2022-02-17,0.918
2022-02-18,0.8456
2022-02-19,0.836
2022-02-20,0.8392
2022-02-21,0.805
2022-02-22,0.7755
2022-02-23,0.803
2022-02-24,0.7833
2022-02-25,0.8046
2022-02-26,0.8249
2022-02-27,0.8205
2022-02-28,0.7939
2022-03-01,0.9079
2022-03-02,0.9341
2022-03-03,0.9243
2022-03-04,0.8934
2022-03-05,0.8247
2022-03-06,0.8307
2022-03-07,0.8097
2022-03-08,0.8026
2022-03-09,0.817
2022-03-10,0.8863
2022-03-11,0.834
2022-03-12,0.8202
2022-03-13,0.8238
2022-03-14,0.8027
2022-03-15,0.8422
2022-03-16,0.8358
2022-03-17,0.8756
2022-03-18,0.873
2022-03-19,0.8916
2022-03-20,0.9002
2022-03-21,0.8815
2022-03-22,0.8776
2022-03-23,0.9069
2022-03-24,0.9161
2022-03-25,0.9408
2022-03-26,0.9497
2022-03-27,0.9541
2022-03-28,1.0019
2022-03-29,1.0084
2022-03-30,1.019
2022-03-31,1.0112
2022-04-01,0.979
2022-04-02,0.9957
2022-04-03,0.9872
2022-04-04,1.0006
2022-04-05,1.0054
2022-04-06,0.9848
2022-04-07,0.9331
2022-04-08,0.9406
2022-04-09,0.9155
2022-04-10,0.9268
2022-04-11,0.9164
2022-04-12,0.8596
2022-04-13,0.8737
2022-04-14,0.8966
2022-04-15,0.8707
2022-04-16,0.8855
2022-04-17,0.8837
2022-04-18,0.8692
2022-04-19,0.894
2022-04-20,0.9093
2022-04-21,0.9079
2022-04-22,0.8896
2022-04-23,0.8733
2022-04-24,0.8696
2022-04-25,0.8681
2022-04-26,0.891
2022-04-27,0.84
2022-04-28,0.8651
2022-04-29,0.877
2022-04-30,0.8537
2022-05-01,0.8364
2022-05-02,0.8533
2022-05-03,0.8547
2022-05-04,0.8379
2022-05-05,0.8817
2022-05-06,0.8142
2022-05-07,0.8042
2022-05-08,0.7931
2022-05-09,0.7608
2022-05-10,0.677
2022-05-11,0.695
2022-05-12,0.6488
2022-05-13,0.6544
2022-05-14,0.6594
2022-05-15,0.68
2022-05-16,0.7061
2022-05-17,0.6754
2022-05-18,0.689
2022-05-19,0.6505
2022-05-20,0.6872
2022-05-21,0.6622
2022-05-22,0.6678
2022-05-23,0.6876
2022-05-24,0.6609
2022-05-25,0.6724
2022-05-26,0.6712
2022-05-27,0.6662
2022-05-28,0.6507
2022-05-29,0.661
2022-05-30,0.6704
2022-05-31,0.7217
2022-06-01,0.7248
2022-06-02,0.6789
2022-06-03,0.6939
2022-06-04,0.6769
2022-06-05,0.6808
2022-06-06,0.682
2022-06-07,0.7154
2022-06-08,0.7131
2022-06-09,0.6896
2022-06-10,0.687
2022-06-11,0.6645
2022-06-12,0.6482
2022-06-13,0.6119
2022-06-14,0.5155
2022-06-15,0.5096
2022-06-16,0.5167
2022-06-17,0.4686
2022-06-18,0.4706
2022-06-19,0.4383
2022-06-20,0.4725
2022-06-21,0.4758
2022-06-22,0.4776
2022-06-23,0.4614
2022-06-24,0.4876
2022-06-25,0.4917
2022-06-26,0.4982
2022-06-27,0.4875
2022-06-28,0.481
2022-06-29,0.4705
2022-06-30,0.467
2022-07-01,0.4558
2022-07-02,0.4516
2022-07-03,0.4487
2022-07-04,0.4502
2022-07-05,0.4727
2022-07-06,0.4715
2022-07-07,0.4808
2022-07-08,0.5067
2022-07-09,0.5117
2022-07-10,0.5058
2022-07-11,0.4891
2022-07-12,0.4694
2022-07-13,0.4546
2022-07-14,0.4755
2022-07-15,0.4841
2022-07-16,0.4896
2022-07-17,0.4993
2022-07-18,0.491
2022-07-19,0.5283
2022-07-20,0.5515
2022-07-21,0.5505
2022-07-22,0.5471
2022-07-23,0.5366
2022-07-24,0.5325
2022-07-25,0.5354
2022-07-26,0.5055
2022-07-27,0.5038
2022-07-28,0.544
2022-07-29,0.5663
2022-07-30,0.5675
2022-07-31,0.5636
2022-08-01,0.5577
2022-08-02,0.5572
2022-08-03,0.5511
2022-08-04,0.5471
2022-08-05,0.5433
2022-08-06,0.5571
2022-08-07,0.552
2022-08-08,0.5579
2022-08-09,0.5737
2022-08-10,0.5596
2022-08-11,0.5784
2022-08-12,0.5793
2022-08-13,0.5913
2022-08-14,0.5927
2022-08-15,0.5907
2022-08-16,0.5883
2022-08-17,0.5827
2022-08-18,0.57
2022-08-19,0.5681
2022-08-20,0.5128
2022-08-21,0.5193
2022-08-22,0.5311
2022-08-23,0.5265
2022-08-24,0.5318
2022-08-25,0.5286
2022-08-26,0.5351
2022-08-27,0.5027
2022-08-28,0.4987
2022-08-29,0.4895
2022-08-30,0.5066
2022-08-31,0.495
2022-09-01,0.5014
2022-09-02,0.5057
2022-09-03,0.5013
2022-09-04,0.4992
2022-09-05,0.5044
2022-09-06,0.5006
2022-09-07,0.4783
2022-09-08,0.4899
2022-09-09,0.4919
2022-09-10,0.5447
2022-09-11,0.5545
2022-09-12,0.5562
2022-09-13,0.5725
2022-09-14,0.5182
2022-09-15,0.521
2022-09-16,0.5078
2022-09-17,0.5104
2022-09-18,0.5209
2022-09-19,0.5039
2022-09-20,0.5084
2022-09-21,0.491
2022-09-22,0.4832
2022-09-23,0.5082
2022-09-24,0.5046
2022-09-25,0.4962
2022-09-26,0.4937
2022-09-27,0.5053
2022-09-28,0.5034
2022-09-29,0.5129
2022-09-30,0.5169
2022-10-01,0.5155
2022-10-02,0.5122
2022-10-03,0.5067
2022-10-04,0.5225
2022-10-05,0.543
2022-10-06,0.5393
2022-10-07,0.535
2022-10-08,0.5232
2022-10-09,0.5234
2022-10-10,0.5256
2022-10-11,0.5187
2022-10-12,0.518
2022-10-13,0.522
2022-10-14,0.5298
2022-10-15,0.5262
2022-10-16,0.5244
2022-10-17,0.5316
2022-10-18,0.5412
2022-10-19,0.5371
2022-10-20,0.533
2022-10-21,0.5321
2022-10-22,0.5378
2022-10-23,0.5404
2022-10-24,0.5527
2022-10-25,0.5472
2022-10-26,0.5711
2022-10-27,0.5922
2022-10-28,0.5798
2022-10-29,0.5907
2022-10-30,0.5986
2022-10-31,0.5955
2022-11-01,0.5936
2022-11-02,0.5954
2022-11-03,0.5879
2022-11-04,0.5914
2022-11-05,0.6209
2022-11-06,0.6268
2022-11-07,0.6177
2022-11-08,0.6107
2022-11-09,0.5526
2022-11-10,0.4706
2022-11-11,0.528
2022-11-12,0.5146
2022-11-13,0.5081
2022-11-14,0.4964
2022-11-15,0.5076
2022-11-16,0.5171
2022-11-17,0.5128
2022-11-18,0.5156
2022-11-19,0.517
2022-11-20,0.519
2022-11-21,0.5082
2022-11-22,0.4948
2022-11-23,0.5077
2022-11-24,0.5233
2022-11-25,0.5247
2022-11-26,0.5244
2022-11-27,0.5239
2022-11-28,0.5258
2022-11-29,0.5201
2022-11-30,0.529
2022-12-01,0.5549
2022-12-02,0.55
2022-12-03,0.5556
2022-12-04,0.5521
2022-12-05,0.5611
2022-12-06,0.557
2022-12-07,0.5623
2022-12-08,0.5563
2022-12-09,0.5707
2022-12-10,0.5695
2022-12-11,0.5702
2022-12-12,0.5711
2022-12-13,0.5755
2022-12-14,0.5973
2022-12-15,0.5998
2022-12-16,0.5857
2022-12-17,0.5631
2022-12-18,0.5709
2022-12-19,0.5703
2022-12-20,0.561
2022-12-21,0.5789
2022-12-22,0.5779
2022-12-23,0.5799
2022-12-24,0.5806
2022-12-25,0.5845
2022-12-26,0.5861
2022-12-27,0.5901
2022-12-28,0.585
2022-12-29,0.5811
2022-12-30,0.5865
2022-12-31,0.5868
2023-01-01,0.5862
2023-01-02,0.5907
2023-01-03,0.5945
2023-01-04,0.5964
2023-01-05,0.6045
2023-01-06,0.6052
2023-01-07,0.6114
2023-01-08,0.6126
2023-01-09,0.6186
2023-01-10,0.6244
2023-01-11,0.6348
2023-01-12,0.6568
2023-01-13,0.6903
2023-01-14,0.7313
2023-01-15,0.7725
2023-01-16,0.7681
2023-01-17,0.7817
2023-01-18,0.7827
2023-01-19,0.7685
2023-01-20,0.7833
2023-01-21,0.8452
2023-01-22,0.8488
2023-01-23,0.8486
2023-01-24,0.859
2023-01-25,0.8462
2023-01-26,0.8688
2023-01-27,0.8642
2023-01-28,0.8677
2023-01-29,0.8667
2023-01-30,0.8972
2023-01-31,0.8625
2023-02-01,0.8751
2023-02-02,0.8987
2023-02-03,0.893
2023-02-04,0.8909
2023-02-05,0.8884
2023-02-06,0.875
2023-02-07,0.8707
2023-02-08,0.8921
2023-02-09,0.8808
2023-02-10,0.8395
2023-02-11,0.8341
2023-02-12,0.8459
2023-02-13,0.8435
2023-02-14,0.8465
2023-02-15,0.8643
2023-02-16,0.9476
2023-02-17,0.9281
2023-02-18,0.9638
2023-02-19,0.966
2023-02-20,0.9536
2023-02-21,0.9747
2023-02-22,0.9615
2023-02-23,0.9523
2023-02-24,0.946
2023-02-25,0.9167
2023-02-26,0.9177
2023-02-27,0.9345
2023-02-28,0.9351
2023-03-01,0.9227
2023-03-02,0.9439
2023-03-03,0.9392
2023-03-04,0.8973
2023-03-05,0.8982
2023-03-06,0.9028
2023-03-07,0.9041
2023-03-08,0.8977
2023-03-09,0.879
2023-03-10,0.8269
2023-03-11,0.8213
2023-03-12,0.8363
2023-03-13,0.9021
2023-03-14,0.9887
2023-03-15,1.0141
2023-03-16,1.004
2023-03-17,1.0341
2023-03-18,1.1306
2023-03-19,1.1177
2023-03-20,1.164
2023-03-21,1.1551
2023-03-22,1.1707
2023-03-23,1.1389
2023-03-24,1.1827
2023-03-25,1.149
2023-03-26,1.1543
2023-03-27,1.1722
2023-03-28,1.1386
2023-03-29,1.1457
2023-03-30,1.1947
2023-03-31,1.1824
2023-04-01,1.2048
2023-04-02,1.2066
2023-04-03,1.1979
2023-04-04,1.1826
2023-04-05,1.2005
2023-04-06,1.2038
2023-04-07,1.1994
2023-04-08,1.1969
2023-04-09,1.2004
2023-04-10,1.2189
2023-04-11,1.277
2023-04-12,1.3044
2023-04-13,1.2906
2023-04-14,1.3139
2023-04-15,1.3181
2023-04-16,1.3129
2023-04-17,1.3142
2023-04-18,1.2794
2023-04-19,1.3201
2023-04-20,1.2554
2023-04-21,1.2321
2023-04-22,1.1924
2023-04-23,1.2186
2023-04-24,1.2092
2023-04-25,1.2068
2023-04-26,1.2454
2023-04-27,1.2469
2023-04-28,1.2982
2023-04-29,1.2935
2023-04-30,1.2896
2023-05-01,1.2973
2023-05-02,1.2442
2023-05-03,1.2691
2023-05-04,1.2853
2023-05-05,1.2807
2023-05-06,1.3118
2023-05-07,1.2848
2023-05-08,1.2736
2023-05-09,1.2338
2023-05-10,1.2302
2023-05-11,1.2322
2023-05-12,1.205
2023-05-13,1.1948
2023-05-14,1.1956
2023-05-15,1.2012
2023-05-16,1.2159
2023-05-17,1.2072
2023-05-18,1.2241
2023-05-19,1.1999
2023-05-20,1.2023
2023-05-21,1.2119
2023-05-22,1.198
2023-05-23,1.2028
2023-05-24,1.2189
2023-05-25,1.1798
2023-05-26,1.1864
2023-05-27,1.1977
2023-05-28,1.2038
2023-05-29,1.2605
2023-05-30,1.245
2023-05-31,1.2436
2023-06-01,1.2233
2023-06-02,1.2048
2023-06-03,1.2243
2023-06-04,1.2166
2023-06-05,1.2281
2023-06-06,1.1603
2023-06-07,1.225
2023-06-08,1.1865
2023-06-09,1.1943
2023-06-10,1.1931
2023-06-11,1.166
2023-06-12,1.169
2023-06-13,1.1689
2023-06-14,1.1667
2023-06-15,1.1318
2023-06-16,1.152
2023-06-17,1.1855
2023-06-18,1.1924
2023-06-19,1.1838
2023-06-20,1.2029
2023-06-21,1.2714
2023-06-22,1.3493
2023-06-23,1.3402
2023-06-24,1.3697
2023-06-25,1.364
2023-06-26,1.3589
2023-06-27,1.3498
2023-06-28,1.3663
2023-06-29,1.3375
2023-06-30,1.3529
2023-07-01,1.3517
2023-07-02,1.3544
2023-07-03,1.3521
2023-07-04,1.375
2023-07-05,1.3574
2023-07-06,1.3429
2023-07-07,1.3196
2023-07-08,1.3325
2023-07-09,1.3289
2023-07-10,1.3234
2023-07-11,1.3317
2023-07-12,1.34
2023-07-13,1.3289
2023-07-14,1.3724
2023-07-15,1.3214
2023-07-16,1.3193
2023-07-17,1.3152
2023-07-18,1.3099
2023-07-19,1.2957
2023-07-20,1.2978
2023-07-21,1.291
2023-07-22,1.2955
2023-07-23,1.2856
2023-07-24,1.2995
2023-07-25,1.2608
2023-07-26,1.2612
2023-07-27,1.2661
2023-07-28,1.2581
2023-07-29,1.2622
2023-07-30,1.2632
2023-07-31,1.259
2023-08-01,1.2562
2023-08-02,1.2683
2023-08-03,1.2507
2023-08-04,1.251
2023-08-05,1.2463
2023-08-06,1.2437
2023-08-07,1.2427
2023-08-08,1.2475
2023-08-09,1.2724
2023-08-10,1.2631
2023-08-11,1.2554
2023-08-12,1.2535
2023-08-13,1.2534
2023-08-14,1.2473
2023-08-15,1.2514
2023-08-16,1.2409
2023-08-17,1.2225
2023-08-18,1.1263
2023-08-19,1.1065
2023-08-20,1.1084
2023-08-21,1.1102
2023-08-22,1.1078
2023-08-23,1.1036
2023-08-24,1.1206
2023-08-25,1.1067
2023-08-26,1.1023
2023-08-27,1.0997
2023-08-28,1.1024
2023-08-29,1.1027
2023-08-30,1.1702
2023-08-31,1.1509
2023-09-01,1.0924
2023-09-02,1.0868
2023-09-03,1.0878
2023-09-04,1.0915
2023-09-05,1.0853
2023-09-06,1.0827
2023-09-07,1.0805
2023-09-08,1.098
2023-09-09,1.0853
2023-09-10,1.084
2023-09-11,1.0811
2023-09-12,1.0514
2023-09-13,1.0816
2023-09-14,1.0958
2023-09-15,1.1079
2023-09-16,1.1113
2023-09-17,1.1072
2023-09-18,1.1049
2023-09-19,1.1131
2023-09-20,1.1321
2023-09-21,1.1267
2023-09-22,1.1026
2023-09-23,1.1022
2023-09-24,1.1014
2023-09-25,1.087
2023-09-26,1.0881
2023-09-27,1.0834
2023-09-28,1.0885
2023-09-29,1.1148
2023-09-30,1.1101
2023-10-01,1.1113
2023-10-02,1.1513
2023-10-03,1.1357
2023-10-04,1.1274
2023-10-05,1.141
2023-10-06,1.1254
2023-10-07,1.1458
2023-10-08,1.1455
2023-10-09,1.1432
2023-10-10,1.1277
2023-10-11,1.1184
2023-10-12,1.095
2023-10-13,1.0895
2023-10-14,1.0931
2023-10-15,1.0931
2023-10-16,1.1038
2023-10-17,1.158
2023-10-18,1.153
2023-10-19,1.1482
2023-10-20,1.1627
2023-10-21,1.2002
2023-10-22,1.2086
2023-10-23,1.2111
2023-10-24,1.3276
2023-10-25,1.3614
2023-10-26,1.3843
2023-10-27,1.3703
2023-10-28,1.3573
2023-10-29,1.363
2023-10-30,1.3795
2023-10-31,1.3751
2023-11-01,1.3799
2023-11-02,1.4088
2023-11-03,1.3854
2023-11-04,1.3756
2023-11-05,1.386
2023-11-06,1.3845
2023-11-07,1.3812
2023-11-08,1.3949
2023-11-09,1.4064
2023-11-10,1.4414
2023-11-11,1.4609
2023-11-12,1.4491
2023-11-13,1.4438
2023-11-14,1.4206
2023-11-15,1.3788
2023-11-16,1.467
2023-11-17,1.3982
2023-11-18,1.4079
2023-11-19,1.407
2023-11-20,1.4359
2023-11-21,1.4356
2023-11-22,1.3743
2023-11-23,1.4284
2023-11-24,1.4188
2023-11-25,1.4326
2023-11-26,1.4321
2023-11-27,1.417
2023-11-28,1.4048
2023-11-29,1.4225
2023-11-30,1.4197
2023-12-01,1.413
2023-12-02,1.4463
2023-12-03,1.4726
2023-12-04,1.487
2023-12-05,1.558
2023-12-06,1.6326
2023-12-07,1.6164
2023-12-08,1.5931
2023-12-09,1.623
2023-12-10,1.6019
2023-12-11,1.5981
2023-12-12,1.5011
2023-12-13,1.5065
2023-12-14,1.5565
2023-12-15,1.5554
2023-12-16,1.5149
2023-12-17,1.5203
2023-12-18,1.4866
2023-12-19,1.5284
2023-12-20,1.509
2023-12-21,1.5544
2023-12-22,1.5579
2023-12-23,1.5593
2023-12-24,1.5463
2023-12-25,1.5171
2023-12-26,1.5344
2023-12-27,1.4913
2023-12-28,1.519
2023-12-29,1.4867
2023-12-30,1.4648
2023-12-31,1.4663
2024-01-01,1.4623
2024-01-02,1.5262
2024-01-03,1.5506
2024-01-04,1.4721
2024-01-05,1.5154
2024-01-06,1.5087
2024-01-07,1.4996
2024-01-08,1.4933
2024-01-09,1.5928
2024-01-10,1.5604
2024-01-11,1.5739
2024-01-12,1.5591
2024-01-13,1.4408
2024-01-14,1.4362
2024-01-15,1.3985
2024-01-16,1.4219
2024-01-17,1.4378
2024-01-18,1.4205
2024-01-19,1.3696
2024-01-20,1.3783
2024-01-21,1.3768
2024-01-22,1.3717
2024-01-23,1.3024
2024-01-24,1.3113
2024-01-25,1.3188
2024-01-26,1.3107
2024-01-27,1.3715
2024-01-28,1.3776
2024-01-29,1.3722
2024-01-30,1.4103
2024-01-31,1.3955
2024-02-01,1.3831
2024-02-02,1.3965
2024-02-03,1.3973
2024-02-04,1.3886
2024-02-05,1.3741
2024-02-06,1.3733
2024-02-07,1.385
2024-02-08,1.4196
2024-02-09,1.4518
2024-02-10,1.5062
2024-02-11,1.5227
2024-02-12,1.5326
2024-02-13,1.5879
2024-02-14,1.574
2024-02-15,1.6349
2024-02-16,1.6363
2024-02-17,1.6388
2024-02-18,1.6199
2024-02-19,1.6303
2024-02-20,1.6148
2024-02-21,1.6273
2024-02-22,1.6097
2024-02-23,1.5898
2024-02-24,1.5714
2024-02-25,1.5895
2024-02-26,1.5918
2024-02-27,1.6713
2024-02-28,1.7439
2024-02-29,1.9075
2024-03-01,1.8632
2024-03-02,1.8914
2024-03-03,1.8744
2024-03-04,1.8977
2024-03-05,2.0445
2024-03-06,1.9211
2024-03-07,1.9694
2024-03-08,1.9859
2024-03-09,2.0187
2024-03-10,2.0165
2024-03-11,2.0253
2024-03-12,2.1064
2024-03-13,2.0791
2024-03-14,2.1184
2024-03-15,2.0621
2024-03-16,1.9996
2024-03-17,1.873
2024-03-18,1.9565
2024-03-19,1.9301
2024-03-20,1.7664
2024-03-21,1.9221
2024-03-22,1.8519
2024-03-23,1.7898
2024-03-24,1.8066
2024-03-25,1.8858
2024-03-26,1.9532
2024-03-27,1.9508
2024-03-28,1.9266
2024-03-29,1.9557
2024-03-30,1.9277
2024-03-31,1.9157
2024-04-01,1.9519
2024-04-02,1.9059
2024-04-03,1.7822
2024-04-04,1.7958
2024-04-05,1.8559
2024-04-06,1.8352
2024-04-07,1.8571
2024-04-08,1.8622
2024-04-09,1.9158
2024-04-10,1.8445
2024-04-11,1.8755
2024-04-12,1.8588
2024-04-13,1.7784
2024-04-14,1.6989
2024-04-15,1.73
2024-04-16,1.665
2024-04-17,1.6685
2024-04-18,1.6023
2024-04-19,0.8288
2024-04-20,0.8355
2024-04-21,0.847
2024-04-22,0.8473
2024-04-23,0.8718
2024-04-24,0.8658
2024-04-25,0.8378
2024-04-26,0.8403
2024-04-27,0.8312
2024-04-28,0.8273
2024-04-29,0.8209
2024-04-30,0.8307
2024-05-01,0.7909
2024-05-02,0.7589
2024-05-03,0.7698
2024-05-04,0.8179
2024-05-05,0.8305
2024-05-06,0.8328
2024-05-07,0.8217
2024-05-08,0.811
2024-05-09,0.7959
2024-05-10,0.8208
2024-05-11,0.7912
2024-05-12,0.7896
2024-05-13,0.7988
2024-05-14,0.8164
2024-05-15,0.7992
2024-05-16,0.8592
2024-05-17,0.8464
2024-05-18,0.8693
2024-05-19,0.867
2024-05-20,0.8581
2024-05-21,0.9246
2024-05-22,0.908
2024-05-23,0.8945
2024-05-24,0.8775
2024-05-25,0.8852
2024-05-26,0.8941
2024-05-27,0.8839
2024-05-28,0.8945
2024-05-29,0.8806
2024-05-30,0.8707
2024-05-31,0.8805
2024-06-01,0.8685
2024-06-02,0.8711
2024-06-03,0.8711
2024-06-04,0.8844
2024-06-05,0.9068
2024-06-06,0.9138
2024-06-07,0.9078
2024-06-08,0.8888
2024-06-09,0.8882
2024-06-10,0.892
2024-06-11,0.8894
2024-06-12,0.8612
2024-06-13,0.8722
2024-06-14,0.8522
2024-06-15,0.8429
2024-06-16,0.8448
2024-06-17,0.8498
2024-06-18,0.8475
2024-06-19,0.8299
2024-06-20,0.8271
2024-06-21,0.8262
2024-06-22,0.8162
2024-06-23,0.8182
2024-06-24,0.8052
2024-06-25,0.7688
2024-06-26,0.7867
2024-06-27,0.7737
2024-06-28,0.784
2024-06-29,0.7682
2024-06-30,0.7752
2024-07-01,0.7989
2024-07-02,0.8
2024-07-03,0.7901
2024-07-04,0.7672
2024-07-05,0.7284
2024-07-06,0.7228
2024-07-07,0.7418
2024-07-08,0.712
2024-07-09,0.7221
2024-07-10,0.739
2024-07-11,0.7355
2024-07-12,0.7316
2024-07-13,0.7382
2024-07-14,0.7542
2024-07-15,0.777
2024-07-16,0.8265
2024-07-17,0.8306
2024-07-18,0.8174
2024-07-19,0.815
2024-07-20,0.8496
2024-07-21,0.8559
2024-07-22,0.8669
2024-07-23,0.8606
2024-07-24,0.8391
2024-07-25,0.8321
2024-07-26,0.8363
2024-07-27,0.8636
2024-07-28,0.865
2024-07-29,0.8671
2024-07-30,0.8482
2024-07-31,0.8409
2024-08-01,0.8212
2024-08-02,0.8296
2024-08-03,0.7794
2024-08-04,0.7709
2024-08-05,0.7362
2024-08-06,0.6849
2024-08-07,0.7104
2024-08-08,0.6996
2024-08-09,0.7853
2024-08-10,0.7732
2024-08-11,0.7729
2024-08-12,0.7464
2024-08-13,0.7533
2024-08-14,0.7692
2024-08-15,0.7455
2024-08-16,0.7314
2024-08-17,0.7472
2024-08-18,0.7539
2024-08-19,0.7412
2024-08-20,0.7554
2024-08-21,0.7487
2024-08-22,0.7749
2024-08-23,0.7651
2024-08-24,0.8112
2024-08-25,0.8122
2024-08-26,0.8132
2024-08-27,0.7959
2024-08-28,0.7528
2024-08-29,0.7462
2024-08-30,0.7503
2024-08-31,0.7477
2024-09-01,0.745
2024-09-02,0.7246
2024-09-03,0.7466
2024-09-04,0.7262
2024-09-05,0.7321
2024-09-06,0.7086
2024-09-07,0.6806
2024-09-08,0.6835
2024-09-09,0.6915
2024-09-10,0.7198
2024-09-11,0.7269
2024-09-12,0.7237
2024-09-13,0.7327
2024-09-14,0.7642
2024-09-15,0.7562
2024-09-16,0.7461
2024-09-17,0.7334
2024-09-18,0.7597
2024-09-19,0.7737
2024-09-20,0.7927
2024-09-21,0.7944
2024-09-22,0.7976
2024-09-23,0.7996
2024-09-24,0.7961
2024-09-25,0.8084
2024-09-26,0.7932
2024-09-27,0.8177
2024-09-28,0.8257
2024-09-29,0.8272
2024-09-30,0.8234
2024-10-01,0.7929
2024-10-02,0.763
2024-10-03,0.7601
2024-10-04,0.7609
2024-10-05,0.7779
2024-10-06,0.7776
2024-10-07,0.7865
2024-10-08,0.7797
2024-10-09,0.7783
2024-10-10,0.7582
2024-10-11,0.753
2024-10-12,0.7803
2024-10-13,0.7902
2024-10-14,0.7853
2024-10-15,0.8252
2024-10-16,0.8363
2024-10-17,0.8445
2024-10-18,0.8402
2024-10-19,0.8541
2024-10-20,0.8529
2024-10-21,0.8598
2024-10-22,0.84
2024-10-23,0.8394
2024-10-24,0.8312
2024-10-25,0.8502
2024-10-26,0.83
2024-10-27,0.8354
2024-10-28,0.8469
2024-10-29,0.8706
2024-10-30,0.9071
2024-10-31,0.9016
2024-11-01,0.8757
2024-11-02,0.8663
2024-11-03,0.8637
2024-11-04,0.8575
2024-11-05,0.845
2024-11-06,0.8642
2024-11-07,0.9424
2024-11-08,0.9469
2024-11-09,0.9538
2024-11-10,0.9547
2024-11-11,1.0023
2024-11-12,1.1035
2024-11-13,1.0983
2024-11-14,1.1252
2024-11-15,1.0865
2024-11-16,1.1298
2024-11-17,1.1249
2024-11-18,1.1148
2024-11-19,1.1228
2024-11-20,1.1434
2024-11-21,1.1669
2024-11-22,1.219
2024-11-23,1.2232
2024-11-24,1.2069
2024-11-25,1.2101
2024-11-26,1.1475
2024-11-27,1.1336
2024-11-28,1.1828
2024-11-29,1.178
2024-11-30,1.1992
2024-12-01,1.1869
2024-12-02,1.1959
2024-12-03,1.1771
2024-12-04,1.1791
2024-12-05,1.2136
2024-12-06,1.1926
2024-12-07,1.2261
2024-12-08,1.2233
2024-12-09,1.2405
2024-12-10,1.1926
2024-12-11,1.1834
2024-12-12,1.2374
2024-12-13,1.2231
2024-12-14,1.239
2024-12-15,1.2384
2024-12-16,1.2786
2024-12-17,1.2941
2024-12-18,1.2927
2024-12-19,1.2228
2024-12-20,1.1919
2024-12-21,1.1895
2024-12-22,1.1832
2024-12-23,1.1573
2024-12-24,1.1515
2024-12-25,1.2003
2024-12-26,1.2076
2024-12-27,1.1627
2024-12-28,1.146
2024-12-29,1.1559
2024-12-30,1.1371
2024-12-31,1.1242
2025-01-01,1.1347
2025-01-02,1.1452
2025-01-03,1.1747
2025-01-04,1.1892
2025-01-05,1.1909
2025-01-06,1.1918
2025-01-07,1.2381
2025-01-08,1.174
2025-01-09,1.1505
2025-01-10,1.1185
2025-01-11,1.147
2025-01-12,1.1446
2025-01-13,1.143
2025-01-14,1.1426
2025-01-15,1.1677
2025-01-16,1.2124
2025-01-17,1.2086
2025-01-18,1.2574
2025-01-19,1.2586
2025-01-20,1.221
2025-01-21,1.2261
2025-01-22,1.2782
2025-01-23,1.247
2025-01-24,1.2508
2025-01-25,1.259
2025-01-26,1.2576
2025-01-27,1.2299
2025-01-28,1.2221
2025-01-29,1.2138
2025-01-30,1.2419
2025-01-31,1.2538
2025-02-01,1.2244
2025-02-02,1.2034
2025-02-03,1.1659
2025-02-04,1.2118
2025-02-05,1.1713
2025-02-06,1.1526
2025-02-07,1.1529
2025-02-08,1.1518
2025-02-09,1.1517
2025-02-10,1.1515
2025-02-11,1.1617
2025-02-12,1.142
2025-02-13,1.1671
2025-02-14,1.1521
2025-02-15,1.1635
2025-02-16,1.1647
2025-02-17,1.148
2025-02-18,1.1439
2025-02-19,1.1408
2025-02-20,1.1538
2025-02-21,1.1758
2025-02-22,1.1492
2025-02-23,1.1545
2025-02-24,1.1519
2025-02-25,1.0934
2025-02-26,1.0625
2025-02-27,1.0054
2025-02-28,1.0164
2025-03-01,1.0145
2025-03-02,1.0346
2025-03-03,1.135
2025-03-04,1.0384
2025-03-05,1.0544
2025-03-06,1.0956
2025-03-07,1.0898
2025-03-08,1.0524
2025-03-09,1.0465
2025-03-10,0.9828
2025-03-11,0.9608
2025-03-12,1.0118
2025-03-13,1.0271
2025-03-14,0.9952
2025-03-15,1.0325
2025-03-16,1.0396
2025-03-17,1.0193
2025-03-18,1.0392
2025-03-19,1.025
2025-03-20,1.0764
2025-03-21,1.0466
2025-03-22,1.0451
2025-03-23,1.0439
2025-03-24,1.0703
2025-03-25,1.0913
2025-03-26,1.0957
2025-03-27,1.0907
2025-03-28,1.0959
2025-03-29,1.062
2025-03-30,1.0429
2025-03-31,1.0409
2025-04-01,1.045
2025-04-02,1.0816
2025-04-03,1.0489
2025-04-04,1.0588
2025-04-05,1.0696
2025-04-06,1.0683
2025-04-07,1.0016
2025-04-08,1.0161
2025-04-09,0.9818
2025-04-10,1.0649
2025-04-11,1.0281
2025-04-12,1.0799
2025-04-13,1.106
2025-04-14,1.0856
2025-04-15,1.0994
2025-04-16,1.0898
2025-04-17,1.0974
2025-04-18,1.1097
2025-04-19,1.1023
2025-04-20,1.1105
2025-04-21,1.109
2025-04-22,1.1391
2025-04-23,1.2177
2025-04-24,1.2169
2025-04-25,1.2191
2025-04-26,1.2295
2025-04-27,1.2265
2025-04-28,1.2144
2025-04-29,1.2288
2025-04-30,1.2175
2025-05-01,1.2157
2025-05-02,1.2423
2025-05-03,1.2462
2025-05-04,1.2328
2025-05-05,1.211
2025-05-06,1.2152
2025-05-07,1.2406
2025-05-08,1.2413
2025-05-09,1.3168
2025-05-10,1.3135
2025-05-11,1.3327
2025-05-12,1.3226
2025-05-13,1.3065
2025-05-14,1.3212
2025-05-15,1.3118
2025-05-16,1.3116
2025-05-17,1.3079
2025-05-18,1.3019
2025-05-19,1.3357
2025-05-20,1.3288
2025-05-21,1.3417
2025-05-22,1.376
2025-05-23,1.3978
2025-05-24,1.3415
2025-05-25,1.3474
2025-05-26,1.3585
2025-05-27,1.363
2025-05-28,1.3573
2025-05-29,1.3402
2025-05-30,1.3125
2025-05-31,1.2894
2025-06-01,1.2961
2025-06-02,1.3071
2025-06-03,1.3076
2025-06-04,1.3004
2025-06-05,1.2912
2025-06-06,1.251
2025-06-07,1.2835
2025-06-08,1.2975
2025-06-09,1.2961
2025-06-10,1.3503
2025-06-11,1.3478
2025-06-12,1.3273
2025-06-13,1.2926
2025-06-14,1.2917
2025-06-15,1.2832
2025-06-16,1.2824
2025-06-17,1.2976
2025-06-18,1.2685
2025-06-19,1.2673
2025-06-20,1.2652
2025-06-21,1.2467
2025-06-22,1.224
2025-06-23,1.2143
2025-06-24,1.2687
2025-06-25,1.2723
2025-06-26,1.2856
2025-06-27,1.2806
2025-06-28,1.2798
2025-06-29,1.2809
2025-06-30,1.2916
2025-07-01,1.2746
2025-07-02,1.2548
2025-07-03,1.291
2025-07-04,1.2981
2025-07-05,1.2775
2025-07-06,1.2775
2025-07-07,1.2872
2025-07-08,1.2742
2025-07-09,1.2797
2025-07-10,1.3054
2025-07-11,1.3562
2025-07-12,1.3734
2025-07-13,1.369
2025-07-14,1.3861
2025-07-15,1.3919
2025-07-16,1.3645
2025-07-17,1.3746
2025-07-18,1.3803
2025-07-19,1.3611
2025-07-20,1.3579
2025-07-21,1.3483
2025-07-22,1.3488
2025-07-23,1.375
2025-07-24,1.3575
2025-07-25,1.3521
2025-07-26,1.3407
2025-07-27,1.3433
2025-07-28,1.3578
2025-07-29,1.3396
2025-07-30,1.3358
2025-07-31,1.3334
2025-08-01,1.3072
2025-08-02,1.2775
2025-08-03,1.2678
2025-08-04,1.2842
2025-08-05,1.2925
2025-08-06,1.2788
2025-08-07,1.2864
2025-08-08,1.3112
2025-08-09,1.3004
2025-08-10,1.2962
2025-08-11,1.3245
2025-08-12,1.3167
2025-08-13,1.33
2025-08-14,1.3646
2025-08-15,1.3053
2025-08-16,1.2912
2025-08-17,1.2907
2025-08-18,1.2889
2025-08-19,1.2726
2025-08-20,1.2326
2025-08-21,1.2466
2025-08-22,1.2247
2025-08-23,1.2707
2025-08-24,1.2528
2025-08-25,1.2297
2025-08-26,1.1932
2025-08-27,1.2094
2025-08-28,1.2008
2025-08-29,1.213
2025-08-30,1.1677
2025-08-31,1.1692
2025-09-01,1.1618
2025-09-02,1.1698
2025-09-03,1.1897
2025-09-04,1.1934
2025-09-05,1.181
2025-09-06,1.1785
2025-09-07,1.1718
2025-09-08,1.1796
2025-09-09,1.1871
2025-09-10,1.1802
2025-09-11,1.2039
2025-09-12,1.218
2025-09-13,1.2229
2025-09-14,1.2189
2025-09-15,1.2107
2025-09-16,1.209
2025-09-17,1.2213
2025-09-18,1.2161
2025-09-19,1.2214
2025-09-20,1.204
2025-09-21,1.2028
2025-09-22,1.1968
2025-09-23,1.1681
2025-09-24,1.1595
2025-09-25,1.1713
2025-09-26,1.1248
2025-09-27,1.1311
2025-09-28,1.1291
2025-09-29,1.1532
2025-09-30,1.1739
2025-10-01,1.1693
2025-10-02,1.2133
2025-10-03,1.2328
2025-10-04,1.2474
2025-10-05,1.2466
2025-10-06,1.2559
2025-10-07,1.2666
2025-10-08,1.2316
2025-10-09,1.248
2025-10-10,1.2292
2025-10-11,1.1417
2025-10-12,1.1165
2025-10-13,1.1586
2025-10-14,1.1572
2025-10-15,1.135
2025-10-16,1.1091
2025-10-17,1.0815
2025-10-18,1.0641
2025-10-19,1.07
2025-10-20,1.0835
2025-10-21,1.1021
2025-10-22,1.0797
2025-10-23,1.0699
2025-10-24,1.0928
2025-10-25,1.1009
2025-10-26,1.1057
2025-10-27,1.1325
2025-10-28,1.1282
2025-10-29,1.1148
2025-10-30,1.085
2025-10-31,1.0662
2025-11-01,1.0782
2025-11-02,1.0813
2025-11-03,1.0863
2025-11-04,1.0447
2025-11-05,0.9959
2025-11-06,1.017
2025-11-07,0.9913
2025-11-08,1.0108
2025-11-09,0.9993
2025-11-10,1.0222
2025-11-11,1.0332
2025-11-12,1.004
2025-11-13,0.9896
2025-11-14,0.9719
2025-11-15,0.9204
2025-11-16,0.9305
2025-11-17,0.9197
2025-11-18,0.8965
2025-11-19,0.9041
2025-11-20,0.8899
2025-11-21,0.8442
2025-11-22,0.8289
2025-11-23,0.8256
2025-11-24,0.8464
2025-11-25,0.8607
2025-11-26,0.8519
2025-11-27,0.8828
2025-11-28,0.8907
2025-11-29,0.8876
2025-11-30,0.8867
2025-12-01,0.8826
2025-12-02,0.8426
2025-12-03,0.8922
2025-12-04,0.9144
2025-12-05,0.9002
2025-12-06,0.8727
2025-12-07,0.8723
2025-12-08,0.8815
2025-12-09,0.8862
2025-12-10,0.9069
2025-12-11,0.9
2025-12-12,0.905
2025-12-13,0.8838
2025-12-14,0.8836
2025-12-15,0.8641
2025-12-16,0.8467
2025-12-17,0.8609
2025-12-18,0.8441
2025-12-19,0.8384
2025-12-20,0.8647
2025-12-21,0.8673
2025-12-22,0.8698
2025-12-23,0.8691
2025-12-24,0.8586
2025-12-25,0.8612
2025-12-26,0.8574
2025-12-27,0.8583
2025-12-28,0.8634
2025-12-29,0.8637
2025-12-30,0.8573
2025-12-31,0.8698
2026-01-01,0.8611
2026-01-02,0.8732
2026-01-03,0.8851
2026-01-04,0.8919
2026-01-05,0.8997
2026-01-06,0.925
2026-01-07,0.9226
2026-01-08,0.899
2026-01-09,0.8964
2026-01-10,0.8918
2026-01-11,0.8912
2026-01-12,0.895
2026-01-13,0.8982
2026-01-14,0.9389
2026-01-15,0.9561
2026-01-16,0.9422
2026-01-17,0.9416
2026-01-18,0.9377
2026-01-19,0.9247
2026-01-20,0.9132
2026-01-21,0.8716
2026-01-22,0.8823
2026-01-23,0.8835
2026-01-24,0.8835
2026-01-25,0.8815
2026-01-26,0.856
2026-01-27,0.8738
2026-01-28,0.8829
2026-01-29,0.8828
2026-01-30,0.8378
2026-01-31,0.834
2026-02-01,0.7808
2026-02-02,0.7636
2026-02-03,0.7821
2026-02-04,0.7516
2026-02-05,0.7276
2026-02-06,0.6256
2026-02-07,0.7024
2026-02-08,0.6907
2026-02-09,0.7036
2026-02-10,0.6997
2026-02-11,0.6871
2026-02-12,0.6692
2026-02-13,0.6622
2026-02-14,0.6893
2026-02-15,0.6991
2026-02-16,0.6892
2026-02-17,0.6916
2026-02-18,0.6779
2026-02-19,0.668
2026-02-20,0.6732
2026-02-21,0.6844
2026-02-22,0.685
2026-02-23,0.6816
2026-02-24,0.6518
2026-02-25,0.6472
2026-02-26,0.6868
2026-02-27,0.6822
2026-02-28,0.6666
2026-03-01,0.6783
2026-03-02,0.6655
2026-03-03,0.6979
2026-03-04,0.6928
2026-03-05,0.7372
2026-03-06,0.7193
2026-03-07,0.6921
2026-03-08,0.6836
2026-03-09,0.6714
2026-03-10,0.6963
2026-03-11,0.7109
2026-03-12,0.7147
2026-03-13,0.7182
2026-03-14,0.7226
2026-03-15,0.7255
2026-03-16,0.7406
2026-03-17,0.763
2026-03-18,0.7537
2026-03-19,0.7267
2026-03-20,0.7129
2026-03-21,0.7201
2026-03-22,0.7019
2026-03-23,0.6931
2026-03-24,0.7245
2026-03-25,0.7211
2026-03-26,0.7295
2026-03-27,0.7041
2026-03-28,0.6792
2026-03-29,0.6795
2026-03-30,0.6763
2026-03-31,0.684
2026-04-01,0.7
2026-04-02,0.6989
2026-04-03,0.6869
2026-04-04,0.6877
2026-04-05,0.6918
2026-04-06,0.7094
2026-04-07,0.7083
2026-04-08,0.7405
2026-04-09,0.7317
2026-04-10,0.7387
2026-04-11,0.7512
2026-04-12,0.7523
2026-04-13,0.7289
2026-04-14,0.7678
2026-04-15,0.7646
2026-04-16,0.7715
2026-04-17,0.775
2026-04-18,0.7955
2026-04-19,0.7813
2026-04-20,0.7622
2026-04-21,0.7833
2026-04-22,0.7884
2026-04-23,0.8078
2026-04-24,0.8088
2026-04-25,0.8008
2026-04-26,0.803
2026-04-27,0.814
2026-04-28,0.801
2026-04-29,0.7909
2026-04-30,0.7854
2026-05-01,0.7912
2026-05-02,0.8111
2026-05-03,0.8166
2026-05-04,0.816
2026-05-05,0.8295
2026-05-06,0.8412
2026-05-07,0.8468
2026-05-08,0.8326
2026-05-09,0.8349
2026-05-10,0.8405
2026-05-11,0.8564
2026-05-12,0.8525
2026-05-13,0.8401
2026-05-14,0.8281
2026-05-15,0.8472
2026-05-16,0.827
2026-05-17,0.8179
2026-05-18,0.811
2026-05-19,0.8068
2026-05-20,0.8059
2026-05-21,0.8134
2026-05-22,0.8151
2026-05-23,0.7942
2026-05-24,0.8075
2026-05-25,0.8115
2026-05-26,0.8153
2026-05-27,0.8007
2026-05-28,0.786
2026-05-29,0.7782
2026-05-30,0.7772
2026-05-31,0.7818
2026-06-01,0.7809
2026-06-02,0.7579
2026-06-03,0.7087
2026-06-04,0.6816
2026-06-05,0.68
2026-06-06,0.6501
2026-06-07,0.6503
2026-06-08,0.6767
2026-06-09,0.6757
2026-06-10,0.6614
2026-06-11,0.6606
2026-06-12,0.6836
