date,open_price_usd,close_price_usd,adj_close_price_usd,total_volume_usd
2021-02-22,45.237,46.195,46.195,21573500
2021-02-23,46.5723,46.7755,46.7755,19193800
2021-02-24,47.3464,47.9948,47.9948,17020900
2021-02-25,48.3528,46.6884,46.6884,15729800
2021-02-26,46.1562,46.3885,46.3885,14828000
2021-03-01,47.869,46.5046,46.5046,13812900
2021-03-02,46.5433,46.6691,46.6691,11566800
2021-03-03,47.0465,46.7852,46.7852,13642700
2021-03-04,46.7562,45.4402,45.4402,18062500
2021-03-05,45.3918,44.7145,44.7145,20611800
2021-03-08,45.4112,46.3304,46.3304,17273000
2021-03-09,46.4078,46.0788,46.0788,11710100
2021-03-10,46.1079,46.253,46.253,10719300
2021-03-11,46.6497,46.7562,46.7562,11318600
2021-03-12,46.7852,48.2173,48.2173,15891800
2021-03-15,49.214,49.3398,49.3398,19673700
2021-03-16,49.3882,47.7915,47.7915,14281500
2021-03-17,47.4432,48.8076,48.8076,13694400
2021-03-18,48.4592,47.5883,47.5883,13410100
2021-03-19,47.4529,47.4142,47.4142,12123600
2021-03-22,46.9594,46.4175,46.4175,10911100
2021-03-23,45.4983,44.1629,44.1629,13616800
2021-03-24,45.0338,44.1339,44.1339,12120800
2021-03-25,43.3404,45.4886,45.4886,14469100
2021-03-26,45.9627,46.1175,46.1175,12361400
2021-03-29,46.1175,45.7885,45.7885,9824200
2021-03-30,46.1562,47.3174,47.3174,10787500
2021-03-31,47.2206,46.7175,46.7175,9469200
2021-04-01,47.0174,47.2497,47.2497,9570000
2021-04-05,47.9754,48.6237,48.6237,14599900
2021-04-06,49.0592,49.9784,49.9784,14652500
2021-04-07,50.1235,48.5753,48.5753,12244300
2021-04-08,48.1399,48.198,48.198,13546900
2021-04-09,48.198,47.6754,47.6754,9785400
2021-04-12,47.4722,47.24,47.24,11070300
2021-04-13,45.9143,46.6981,46.6981,18287600
2021-04-14,47.4819,46.611,46.611,12520400
2021-04-15,47.2787,45.3047,45.3047,22267900
2021-04-16,45.4789,45.1306,45.1306,12236400
2021-04-19,44.9273,44.6564,44.6564,9579400
2021-04-20,44.0274,43.0114,43.0114,15627800
2021-04-21,42.576,44.221,44.221,16267100
2021-04-22,44.5693,43.205,43.205,17303200
2021-04-23,43.3598,44.3177,44.3177,9162700
2021-04-26,44.9951,45.1015,45.1015,11260000
2021-04-27,45.1499,44.8403,44.8403,8151600
2021-04-28,44.7532,44.937,44.937,7209200
2021-04-29,45.3918,44.879,44.879,8222300
2021-04-30,44.5403,45.4015,45.4015,9175200
2021-05-03,45.6628,45.0628,45.0628,9382600
2021-05-04,44.7532,43.2146,43.2146,14790400
2021-05-05,43.2533,43.7372,43.7372,10700100
2021-05-06,43.6985,43.4759,43.4759,9665700
2021-05-07,43.4178,44.6177,44.6177,11195100
2021-05-10,44.8016,43.9597,43.9597,9054200
2021-05-11,42.8179,43.0792,43.0792,14139100
2021-05-12,42.7115,41.6374,41.6374,12187300
2021-05-13,41.9954,42.547,42.547,11778100
2021-05-14,43.4856,44.8112,44.8112,11537500
2021-05-17,44.5113,45.237,45.237,11077700
2021-05-18,45.4305,45.2176,45.2176,10684000
2021-05-19,44.4242,44.6467,44.6467,11545800
2021-05-20,44.8499,43.9404,43.9404,12341700
2021-05-21,44.221,43.7468,43.7468,9894400
2021-05-24,44.0952,44.6758,44.6758,8409100
2021-05-25,45.8756,45.1596,45.1596,14657000
2021-05-26,45.5273,45.953,45.953,9746200
2021-05-27,46.4465,46.4949,46.4949,8680700
2021-05-28,46.4949,46.1369,46.1369,8370300
2021-06-01,46.5723,46.1562,46.1562,11986200
2021-06-02,46.4465,46.224,46.224,9108600
2021-06-03,45.8272,44.6371,44.6371,11555600
2021-06-04,45.0338,44.4919,44.4919,7699400
2021-06-07,44.5016,44.5887,44.5887,6120200
2021-06-08,45.7305,45.5176,45.5176,10714100
2021-06-09,45.8176,45.0144,45.0144,6741200
2021-06-10,45.6724,44.7822,44.7822,9780800
2021-06-11,44.579,44.9951,44.9951,8216100
2021-06-14,44.8306,44.4145,44.4145,11184200
2021-06-15,44.4242,44.0565,44.0565,7898500
2021-06-16,44.0952,44.0468,44.0468,8565500
2021-06-17,44.0565,43.1275,43.1275,10144600
2021-06-18,43.0018,43.5049,43.5049,15219300
2021-06-21,43.5823,44.2887,44.2887,9861400
2021-06-22,44.2887,43.9016,43.9016,8499800
2021-06-23,43.892,43.8049,43.8049,7406100
2021-06-24,44.0952,43.4565,43.4565,9300300
2021-06-25,43.4662,42.9921,42.9921,23930400
2021-06-28,42.6728,41.7245,41.7245,17441500
2021-06-29,41.6084,41.4826,41.4826,9477800
2021-06-30,41.4439,41.8599,41.8599,7845500
2021-07-01,42.0922,42.7985,42.7985,9873800
2021-07-02,42.6631,42.7211,42.7211,5759900
2021-07-06,42.876,41.8406,41.8406,7881000
2021-07-07,41.56,41.1632,41.1632,11858300
2021-07-08,40.3698,40.7085,40.7085,10363900
2021-07-09,41.0955,41.5309,41.5309,7707100
2021-07-12,40.9987,41.4632,41.4632,10626000
2021-07-13,40.931,39.9924,39.9924,14610400
2021-07-14,40.1859,39.3634,39.3634,31085700
2021-07-15,39.8569,40.0117,40.0117,20896300
2021-07-16,40.4762,38.7635,38.7635,16726600
2021-07-19,37.0314,37.312,37.312,27073800
2021-07-20,37.3798,39.3441,39.3441,17690600
2021-07-21,39.6828,40.2633,40.2633,19145300
2021-07-22,40.0021,39.7311,39.7311,10850600
2021-07-23,39.9827,39.1022,39.1022,10101600
2021-07-26,39.0344,40.3214,40.3214,10014900
2021-07-27,40.0214,39.6344,39.6344,10508200
2021-07-28,40.0311,39.9634,39.9634,7538600
2021-07-29,40.0988,39.8956,39.8956,8357400
2021-07-30,39.3344,38.6087,38.6087,12202300
2021-08-02,38.7441,38.1732,38.1732,11084800
2021-08-03,38.2216,38.4829,38.4829,14670600
2021-08-04,37.883,37.1088,37.1088,23023700
2021-08-05,37.2443,38.6958,38.6958,15652400
2021-08-06,39.228,39.0151,39.0151,11716100
2021-08-09,38.7248,38.0184,38.0184,10985000
2021-08-10,38.0765,39.1506,39.1506,13745300
2021-08-11,38.7054,39.9634,39.9634,12452000
2021-08-12,39.6731,39.2183,39.2183,9802100
2021-08-13,39.0054,38.6087,38.6087,7211800
2021-08-16,38.1733,38.6377,38.6377,10923400
2021-08-17,37.9797,37.5249,37.5249,11442000
2021-08-18,37.4378,37.3991,37.3991,8612300
2021-08-19,37.1863,36.7024,36.7024,12294000
2021-08-20,36.7605,36.8863,36.8863,8213100
2021-08-23,37.5346,37.941,37.941,8584700
2021-08-24,38.57,39.2183,39.2183,10805000
2021-08-25,39.2764,39.9634,39.9634,12455900
2021-08-26,39.7795,39.4505,39.4505,10032900
2021-08-27,39.5279,40.1763,40.1763,7936100
2021-08-30,40.3988,38.6184,38.6184,11882100
2021-08-31,38.4442,39.1312,39.1312,8627200
2021-09-01,39.257,39.0925,39.0925,8434600
2021-09-02,39.1409,39.4989,39.4989,9345500
2021-09-03,39.4796,38.9474,38.9474,6644300
2021-09-07,38.8796,39.0441,39.0441,8233900
2021-09-08,39.0925,38.3668,38.3668,7156100
2021-09-09,38.3377,39.7602,39.7602,15509400
2021-09-10,39.7215,38.0862,38.0862,12501200
2021-09-13,38.4152,38.8796,38.8796,11556300
2021-09-14,38.5506,38.1636,38.1636,8837700
2021-09-15,37.9797,38.3571,38.3571,8175800
2021-09-16,38.5797,38.9183,38.9183,9485200
2021-09-17,39.2376,38.8119,38.8119,11011500
2021-09-20,39.2376,39.4602,39.4602,16633900
2021-09-21,39.7215,39.0538,39.0538,11837600
2021-09-22,39.3634,40.244,40.244,11599300
2021-09-23,40.544,41.2116,41.2116,12651000
2021-09-24,41.4535,42.1212,42.1212,13478500
2021-09-27,42.4792,42.3631,42.3631,14467500
2021-09-28,42.247,42.0341,42.0341,9434700
2021-09-29,42.276,41.9567,41.9567,9141100
2021-09-30,41.6664,41.231,41.231,9789200
2021-10-01,42.5276,43.9113,43.9113,19205700
2021-10-04,44.3081,43.5049,43.5049,13342500
2021-10-05,43.534,43.292,43.292,9596000
2021-10-06,42.2954,42.5953,42.5953,10145800
2021-10-07,43.0792,42.2663,42.2663,8881200
2021-10-08,42.3728,41.9761,41.9761,7340600
2021-10-11,41.5987,41.7922,41.7922,9085700
2021-10-12,41.6471,42.1309,42.1309,10515200
2021-10-13,41.3568,39.7021,39.7021,28236900
2021-10-14,39.8473,39.8666,39.8666,16285400
2021-10-15,40.5343,39.6634,39.6634,13860300
2021-10-18,39.3538,39.6828,39.6828,10140200
2021-10-19,39.7021,39.1409,39.1409,11314400
2021-10-20,38.8506,38.9957,38.9957,15162600
2021-10-21,39.1893,39.0925,39.0925,10694400
2021-10-22,38.7151,38.4539,38.4539,9461900
2021-10-25,38.5119,38.2313,38.2313,9090500
2021-10-26,38.6184,38.4248,38.4248,8951200
2021-10-27,38.5506,37.8055,37.8055,8341800
2021-10-28,37.8733,37.8829,37.8829,7416000
2021-10-29,37.7959,37.8636,37.8636,9343800
2021-11-01,37.883,39.1119,39.1119,11401300
2021-11-02,38.9377,39.0828,39.0828,7611200
2021-11-03,38.9861,39.9053,39.9053,10010600
2021-11-04,40.1182,39.6634,39.6634,9990300
2021-11-05,42.1309,42.8566,42.8566,23651200
2021-11-08,43.5436,43.205,43.205,15006700
2021-11-09,42.9921,43.0888,43.0888,9359100
2021-11-10,42.3825,42.2954,42.2954,8698700
2021-11-11,42.3631,42.0438,42.0438,6370700
2021-11-12,42.0922,40.8536,40.8536,10038900
2021-11-15,41.26,41.0084,41.0084,6938400
2021-11-16,40.7375,39.7118,39.7118,11055500
2021-11-17,39.6537,39.3925,39.3925,9025300
2021-11-18,39.4312,38.8216,38.8216,11615800
2021-11-19,38.4829,38.4055,38.4055,15033400
2021-11-22,38.5893,38.4829,38.4829,11991400
2021-11-23,39.0344,38.2507,38.2507,11074300
2021-11-24,37.912,38.4055,38.4055,7580500
2021-11-26,35.5606,35.2026,35.2026,38052100
2021-11-29,35.8219,35.0671,35.0671,21269600
2021-11-30,34.5736,35.0284,35.0284,20442900
2021-12-01,35.6767,32.4448,32.4448,34616800
2021-12-02,33.2964,35.4542,35.4542,36044800
2021-12-03,35.2994,34.8155,34.8155,25510200
2021-12-06,36.0444,36.9056,36.9056,23060500
2021-12-07,37.3508,36.8089,36.8089,14593500
2021-12-08,37.254,37.6217,37.6217,16355500
2021-12-09,36.9831,37.254,37.254,10427800
2021-12-10,37.1766,36.9443,36.9443,12028500
2021-12-13,36.1509,35.6767,35.6767,12244800
2021-12-14,35.3671,35.3477,35.3477,12638700
2021-12-15,35.3477,35.4252,35.4252,13179900
2021-12-16,36.3734,34.6414,34.6414,19944400
2021-12-17,34.8736,35.3768,35.3768,18115500
2021-12-20,34.3995,35.1929,35.1929,17475600
2021-12-21,35.638,37.2733,37.2733,17209900
2021-12-22,37.2443,37.8636,37.8636,11719500
2021-12-23,38.4345,38.0281,38.0281,8478100
2021-12-27,37.0218,37.7378,37.7378,10897600
2021-12-28,37.5249,38.3474,38.3474,9974200
2021-12-29,38.0571,37.8926,37.8926,7311800
2021-12-30,37.7959,37.7765,37.7765,8055600
2021-12-31,37.7862,37.8152,37.8152,7166700
2022-01-03,38.5022,38.9861,38.9861,12529800
2022-01-04,39.6441,39.2763,39.2763,12076300
2022-01-05,39.6537,38.9764,38.9764,11214700
2022-01-06,39.4989,38.8119,38.8119,9304100
2022-01-07,39.4021,40.1666,40.1666,13941600
2022-01-10,40.244,39.3151,39.3151,13086400
2022-01-11,39.2667,39.8956,39.8956,11415300
2022-01-12,39.915,39.2957,39.2957,12522300
2022-01-13,39.7505,40.1279,40.1279,23251900
2022-01-14,39.4699,39.0054,39.0054,17141100
2022-01-18,38.6087,38.2603,38.2603,15088100
2022-01-19,38.2216,37.5636,37.5636,10958600
2022-01-20,37.7862,37.583,37.583,12935700
2022-01-21,37.5733,36.6347,36.6347,17872100
2022-01-24,35.7542,36.6831,36.6831,19890100
2022-01-25,36.2864,37.4669,37.4669,14674100
2022-01-26,38.0378,37.5056,37.5056,12451700
2022-01-27,37.97,37.0992,37.0992,12297400
2022-01-28,36.8766,37.0411,37.0411,12889100
2022-01-31,36.596,38.4055,38.4055,10657300
2022-02-01,38.5119,39.1796,39.1796,9668800
2022-02-02,38.8312,39.2086,39.2086,10249800
2022-02-03,38.7054,38.4442,38.4442,9922000
2022-02-04,38.3087,38.5603,38.5603,9481900
2022-02-07,39.1602,39.615,39.615,11417500
2022-02-08,40.0214,41.231,41.231,14194800
2022-02-09,41.5309,42.4599,42.4599,18904000
2022-02-10,42.0244,42.4792,42.4792,13210100
2022-02-11,42.4792,40.96,40.96,19893400
2022-02-14,41.0084,40.6117,40.6117,11581600
2022-02-15,42.0535,43.0501,43.0501,15528800
2022-02-16,42.6728,42.9727,42.9727,14029100
2022-02-17,42.3534,41.9083,41.9083,9463700
2022-02-18,41.7051,41.4535,41.4535,11574900
2022-02-22,40.3407,40.5343,40.5343,13329600
2022-02-23,40.931,38.8893,38.8893,12322200
2022-02-24,36.3831,39.0248,39.0248,22659700
2022-02-25,39.4409,40.1956,40.1956,15398700
2022-02-28,39.0248,38.628,38.628,22808100
2022-03-01,38.2216,36.4218,36.4218,21467500
2022-03-02,37.0605,36.8089,36.8089,15773500
2022-03-03,37.2443,35.3768,35.3768,17589100
2022-03-04,34.3608,33.4028,33.4028,23278800
2022-03-07,32.8996,29.1355,29.1355,34889300
2022-03-08,29.7258,30.2096,30.2096,29492100
2022-03-09,31.8643,31.6998,31.6998,25808000
2022-03-10,31.0805,31.4966,31.4966,17588900
2022-03-11,32.232,31.0321,31.0321,16978700
2022-03-14,30.9644,31.0321,31.0321,17253800
2022-03-15,33.6157,33.7318,33.7318,27330200
2022-03-16,34.3608,35.7348,35.7348,23558200
2022-03-17,34.5543,35.9477,35.9477,17062300
2022-03-18,35.5993,36.4605,36.4605,18429600
2022-03-21,35.9283,34.922,34.922,18386400
2022-03-22,35.2703,35.7832,35.7832,13587700
2022-03-23,35.5316,35.0478,35.0478,12069300
2022-03-24,35.2123,36.0541,36.0541,11302400
2022-03-25,36.0832,36.6831,36.6831,11313100
2022-03-28,37.1766,37.0992,37.0992,11430600
2022-03-29,38.3668,38.241,38.241,15372200
2022-03-30,37.8346,38.0571,38.0571,9363500
2022-03-31,38.1249,38.2894,38.2894,9930100
2022-04-01,38.3861,38.0378,38.0378,8606300
2022-04-04,37.9507,38.1249,38.1249,9482700
2022-04-05,38.2313,37.7668,37.7668,12713400
2022-04-06,36.7798,36.3734,36.3734,16995200
2022-04-07,36.1606,35.9283,35.9283,11688800
2022-04-08,35.7832,35.551,35.551,8615600
2022-04-11,35.5122,36.9734,36.9734,14142900
2022-04-12,37.1185,37.3701,37.3701,15762600
2022-04-13,38.9087,39.6924,39.6924,33528700
2022-04-14,40.6117,40.9891,40.9891,29128900
2022-04-18,40.7181,40.7665,40.7665,17011900
2022-04-19,41.4245,41.6471,41.6471,18453000
2022-04-20,41.8793,42.1309,42.1309,17466800
2022-04-21,43.3598,43.2824,43.2824,31849600
2022-04-22,43.5533,42.276,42.276,15557200
2022-04-25,41.9954,41.8696,41.8696,15156900
2022-04-26,41.4439,40.544,40.544,14561200
2022-04-27,40.8149,41.7148,41.7148,13640400
2022-04-28,42.1018,42.8953,42.8953,11953000
2022-04-29,42.7405,41.6374,41.6374,13460500
2022-05-02,41.56,41.289,41.289,13417100
2022-05-03,41.26,41.947,41.947,10401900
2022-05-04,41.3761,42.4308,42.4308,13381200
2022-05-05,41.7535,40.7665,40.7665,11983100
2022-05-06,40.6117,39.6731,39.6731,12996000
2022-05-09,38.9861,37.0121,37.0121,18582900
2022-05-10,37.6023,37.4282,37.4282,13950000
2022-05-11,37.4185,36.6637,36.6637,14402400
2022-05-12,36.1025,35.4832,35.4832,17218100
2022-05-13,36.2767,37.0895,37.0895,11594800
2022-05-16,37.0798,36.9347,36.9347,11062500
2022-05-17,38.5603,39.4021,39.4021,13594300
2022-05-18,39.0054,38.0378,38.0378,11216900
2022-05-19,37.4959,37.97,37.97,9564300
2022-05-20,38.6087,37.3895,37.3895,10687600
2022-05-23,38.1055,38.241,38.241,9005200
2022-05-24,37.5636,36.0154,36.0154,10856500
2022-05-25,35.8799,37.3507,37.3507,10436800
2022-05-26,37.8636,39.5086,39.5086,15248300
2022-05-27,39.6731,40.8633,40.8633,10730600
2022-05-31,39.3925,40.3408,40.3408,14691200
2022-06-01,40.7665,38.2603,38.2603,17573200
2022-06-02,38.1249,38.6958,38.6958,13761600
2022-06-03,37.9313,37.2927,37.2927,14804300
2022-06-06,37.7378,37.7378,37.7378,12330400
2022-06-07,37.1282,38.4539,38.4539,9604700
2022-06-08,37.583,36.9831,36.9831,9643000
2022-06-09,36.8669,35.5606,35.5606,11976600
2022-06-10,34.8349,33.9834,33.9834,19434400
2022-06-13,32.8996,31.1676,31.1676,20879100
2022-06-14,31.5449,30.3644,30.3644,20521200
2022-06-15,30.9837,30.9257,30.9257,20995200
2022-06-16,29.6774,28.6227,28.6227,20696200
2022-06-17,28.7581,29.2807,29.2807,28391100
2022-06-21,29.8032,29.0775,29.0775,15125900
2022-06-22,28.9517,29.0291,29.0291,16042000
2022-06-23,28.9226,28.6033,28.6033,15793200
2022-06-24,28.5646,30.1902,30.1902,16949600
2022-06-27,30.316,29.4548,29.4548,12782900
2022-06-28,29.9967,29.3484,29.3484,14358200
2022-06-29,29.0001,28.6807,28.6807,13101500
2022-06-30,27.984,28.0324,28.0324,16394800
2022-07-01,28.284,28.5646,28.5646,11374200
2022-07-05,27.6937,28.8549,28.8549,15811300
2022-07-06,28.6033,28.5743,28.5743,10289600
2022-07-07,28.913,28.942,28.942,9484100
2022-07-08,28.9614,28.7581,28.7581,9632300
2022-07-11,28.613,28.3421,28.3421,12059500
2022-07-12,28.4582,30.0838,30.0838,22841200
2022-07-13,28.0131,28.7388,28.7388,38475800
2022-07-14,28.3614,28.8065,28.8065,18983900
2022-07-15,29.1742,29.1162,29.1162,13055100
2022-07-18,30.1902,30.1322,30.1322,19675900
2022-07-19,30.7805,31.5449,31.5449,15847500
2022-07-20,31.5159,31.7868,31.7868,12200800
2022-07-21,30.8482,30.9257,30.9257,15522200
2022-07-22,31.2546,30.3354,30.3354,11256400
2022-07-25,30.316,30.3935,30.3935,9314600
2022-07-26,29.9483,29.6484,29.6484,8764800
2022-07-27,30.287,30.4805,30.4805,10281300
2022-07-28,30.2677,30.6741,30.6741,10672100
2022-07-29,30.5676,30.7708,30.7708,8355200
2022-08-01,30.7515,31.1869,31.1869,10517300
2022-08-02,30.7031,30.7902,30.7902,10132600
2022-08-03,31.1579,32.1739,32.1739,11895100
2022-08-04,32.1352,32.2513,32.2513,7573300
2022-08-05,31.8352,31.8739,31.8739,7722900
2022-08-08,32.2126,32.6577,32.6577,9526900
2022-08-09,32.4158,32.1352,32.1352,7179800
2022-08-10,33.0835,32.8319,32.8319,10465700
2022-08-11,33.3834,32.8609,32.8609,7598700
2022-08-12,33.2673,33.3834,33.3834,7142000
2022-08-15,33.4705,33.8673,33.8673,9042000
2022-08-16,33.9447,34.1963,34.1963,8757400
2022-08-17,33.6447,33.4222,33.4222,7976000
2022-08-18,33.4125,33.3738,33.3738,5687500
2022-08-19,32.7835,32.1739,32.1739,9874900
2022-08-22,31.4482,31.3321,31.3321,9246500
2022-08-23,31.3417,31.8062,31.8062,7974300
2022-08-24,31.8159,32.232,32.232,5742000
2022-08-25,32.4932,32.89,32.89,6785000
2022-08-26,32.8512,31.6224,31.6224,6917100
2022-08-29,31.1579,30.9934,30.9934,8758400
2022-08-30,31.2063,30.6934,30.6934,7506400
2022-08-31,30.9353,30.0645,30.0645,7450000
2022-09-01,29.658,30.0838,30.0838,8572700
2022-09-02,30.4225,29.9387,29.9387,8629600
2022-09-06,30.3257,30.1806,30.1806,7630800
2022-09-07,30.2773,31.1869,31.1869,9035900
2022-09-08,30.6934,31.0805,31.0805,11085400
2022-09-09,31.3804,31.603,31.603,10958900
2022-09-12,31.932,32.0771,32.0771,8295100
2022-09-13,30.9934,30.7128,30.7128,9508100
2022-09-14,30.5676,31.603,31.603,11048000
2022-09-15,31.4191,32.2029,32.2029,11539700
2022-09-16,31.6611,31.0708,31.0708,13830200
2022-09-19,30.9063,31.8739,31.8739,8929700
2022-09-20,31.7965,31.6901,31.6901,7618900
2022-09-21,31.3514,30.1515,30.1515,13704400
2022-09-22,30.1128,28.9904,28.9904,11105300
2022-09-23,28.4388,28.0808,28.0808,12887500
2022-09-26,28.0034,27.1132,27.1132,12130600
2022-09-27,27.6841,27.5776,27.5776,13177600
2022-09-28,27.5776,28.5356,28.5356,10325700
2022-09-29,27.9357,27.5196,27.5196,11040300
2022-09-30,27.2099,27.1519,27.1519,9632400
2022-10-03,27.0745,27.3454,27.3454,11053600
2022-10-04,28.3034,29.7548,29.7548,16308100
2022-10-05,29.0291,29.5323,29.5323,8523000
2022-10-06,29.3097,29.629,29.629,10688100
2022-10-07,29.2226,28.4388,28.4388,11051700
2022-10-10,28.4582,28.4679,28.4679,10400100
2022-10-11,29.6,27.9066,27.9066,17037900
2022-10-12,27.597,28.2647,28.2647,11868600
2022-10-13,28.3808,29.3968,29.3968,27099400
2022-10-14,30.5676,30.0741,30.0741,22499400
2022-10-17,30.945,30.1225,30.1225,15306200
2022-10-18,30.9257,31.1289,31.1289,13590500
2022-10-19,31.5256,31.4675,31.4675,14208800
2022-10-20,31.3514,31.1095,31.1095,14786500
2022-10-21,31.0224,31.5256,31.5256,11173100
2022-10-24,31.7868,32.1933,32.1933,10388300
2022-10-25,32.0094,32.8029,32.8029,7755600
2022-10-26,32.6093,32.8029,32.8029,9418900
2022-10-27,33.2867,32.9867,32.9867,8440400
2022-10-28,32.9674,33.5479,33.5479,7315400
2022-10-31,33.5479,32.8319,32.8319,10301300
2022-11-01,33.2189,32.5416,32.5416,9195500
2022-11-02,32.1255,31.0224,31.0224,13959700
2022-11-03,30.5192,30.9353,30.9353,10291100
2022-11-04,31.6417,31.6998,31.6998,9712000
2022-11-07,32.29,32.2803,32.2803,6998500
2022-11-08,32.3384,32.5029,32.5029,7679400
2022-11-09,32.1933,32.3771,32.3771,7765400
2022-11-10,33.4125,34.3414,34.3414,11959400
2022-11-11,34.5349,34.293,34.293,9130000
2022-11-14,33.6254,33.5673,33.5673,8299600
2022-11-15,34.1285,33.7705,33.7705,8391700
2022-11-16,33.306,33.0157,33.0157,7329200
2022-11-17,32.3578,32.9577,32.9577,5522200
2022-11-18,33.8673,33.3544,33.3544,6364200
2022-11-21,33.1899,33.1222,33.1222,5733000
2022-11-22,33.2577,33.1222,33.1222,4823800
2022-11-23,33.248,33.3738,33.3738,5420600
2022-11-25,33.3834,33.964,33.964,4352600
2022-11-28,33.577,32.7738,32.7738,6061200
2022-11-29,32.919,33.4899,33.4899,6778200
2022-11-30,33.3931,34.2253,34.2253,7404100
2022-12-01,34.3027,34.235,34.235,6371600
2022-12-02,33.8673,34.5543,34.5543,6566300
2022-12-05,34.5736,34.6317,34.6317,12131800
2022-12-06,34.7381,34.7478,34.7478,8832900
2022-12-07,34.4865,33.2189,33.2189,10996500
2022-12-08,33.4512,32.4448,32.4448,8918400
2022-12-09,32.232,32.7061,32.7061,5989400
2022-12-12,32.5997,33.6447,33.6447,7163700
2022-12-13,34.3704,32.2997,32.2997,15029400
2022-12-14,33.5286,33.1996,33.1996,23497700
2022-12-15,32.561,32.1739,32.1739,11682500
2022-12-16,32.1739,32.0384,32.0384,12861400
2022-12-19,32.232,31.8546,31.8546,8440100
2022-12-20,31.7965,31.8352,31.8352,5995900
2022-12-21,32.1642,32.5803,32.5803,8164600
2022-12-22,32.5126,31.8546,31.8546,6806000
2022-12-23,31.7675,32.0868,32.0868,5955600
2022-12-27,31.7965,31.8352,31.8352,7613000
2022-12-28,31.7772,30.9547,30.9547,7687300
2022-12-29,30.916,31.6707,31.6707,7388000
2022-12-30,31.3901,31.7965,31.7965,6957600
2023-01-03,32.1739,31.5546,31.5546,8640200
2023-01-04,31.8836,33.277,33.277,11318800
2023-01-05,33.5673,34.0898,34.0898,11332500
2023-01-06,34.0511,34.8639,34.8639,11110400
2023-01-09,35.3574,35.58,35.58,11251300
2023-01-10,35.4832,36.8573,36.8573,10283500
2023-01-11,36.6928,36.9443,36.9443,14336700
2023-01-12,37.583,38.3184,38.3184,20052100
2023-01-13,35.3671,36.9637,36.9637,29120400
2023-01-17,36.9637,37.0218,37.0218,17803900
2023-01-18,37.8055,37.1379,37.1379,18661200
2023-01-19,36.625,37.1088,37.1088,17006100
2023-01-20,37.2733,37.7668,37.7668,11998700
2023-01-23,37.9313,37.8152,37.8152,12459300
2023-01-24,37.9797,37.5443,37.5443,7679600
2023-01-25,37.4765,38.1055,38.1055,10181800
2023-01-26,38.1442,37.9507,37.9507,7618400
2023-01-27,37.7378,37.4765,37.4765,7298400
2023-01-30,37.1863,37.1572,37.1572,8982000
2023-01-31,37.554,37.8346,37.8346,7919200
2023-02-01,37.583,38.599,38.599,10781400
2023-02-02,38.9086,38.6087,38.6087,10322700
2023-02-03,38.0281,38.299,38.299,8279400
2023-02-06,37.9991,38.3571,38.3571,6453800
2023-02-07,38.2216,38.3087,38.3087,7994700
2023-02-08,38.7054,38.1636,38.1636,8942300
2023-02-09,38.4345,37.7475,37.7475,5840000
2023-02-10,37.254,36.9347,36.9347,8190200
2023-02-13,36.9153,37.3507,37.3507,7842200
2023-02-14,37.283,37.8346,37.8346,7286000
2023-02-15,37.4185,37.7572,37.7572,4151600
2023-02-16,37.3701,37.0411,37.0411,6273300
2023-02-17,36.9347,37.1185,37.1185,5961400
2023-02-21,36.6734,35.8993,35.8993,7276600
2023-02-22,35.8025,35.8122,35.8122,6220000
2023-02-23,36.4121,36.3154,36.3154,7620100
2023-02-24,35.609,36.1509,36.1509,5482500
2023-02-27,36.5863,36.6153,36.6153,7961500
2023-02-28,36.4218,37.0992,37.0992,8203600
2023-03-01,37.0992,37.2637,37.2637,5983200
2023-03-02,36.8766,37.1766,37.1766,5295200
2023-03-03,37.7281,37.5927,37.5927,7160300
2023-03-06,37.7281,37.2153,37.2153,5238300
2023-03-07,37.6507,37.8055,37.8055,11338800
2023-03-08,37.941,38.4442,38.4442,7836500
2023-03-09,38.4539,37.2443,37.2443,9930000
2023-03-10,37.6604,36.0444,36.0444,12931100
2023-03-13,35.2316,34.5253,34.5253,14734000
2023-03-14,35.2026,34.3221,34.3221,14902900
2023-03-15,33.2577,32.1545,32.1545,18703300
2023-03-16,32.0481,32.619,32.619,13436300
2023-03-17,32.1836,31.8933,31.8933,12989700
2023-03-20,32.0094,32.0675,32.0675,9241000
2023-03-21,32.6287,32.7932,32.7932,8366000
2023-03-22,32.7932,31.7094,31.7094,10330400
2023-03-23,31.932,31.0998,31.0998,10506900
2023-03-24,30.7128,30.5676,30.5676,12647300
2023-03-27,31.1385,31.0901,31.0901,7194500
2023-03-28,30.9643,31.4191,31.4191,6752000
2023-03-29,31.7675,32.2416,32.2416,9977900
2023-03-30,32.619,33.0061,33.0061,10614900
2023-03-31,33.3835,33.7899,33.7899,9177200
2023-04-03,33.3641,33.277,33.277,9275500
2023-04-04,33.4512,32.8222,32.8222,8551700
2023-04-05,32.4739,32.3771,32.3771,8679600
2023-04-06,32.4932,32.5997,32.5997,6291800
2023-04-10,32.5997,32.8706,32.8706,8534800
2023-04-11,32.8706,33.4609,33.4609,9801200
2023-04-12,33.2093,32.648,32.648,21581700
2023-04-13,32.948,32.29,32.29,37172700
2023-04-14,32.619,32.6771,32.6771,15803000
2023-04-17,32.7158,33.4705,33.4705,12113600
2023-04-18,33.8092,34.2156,34.2156,13113100
2023-04-19,34.0124,34.7672,34.7672,11774200
2023-04-20,34.4382,33.5189,33.5189,11195600
2023-04-21,33.5576,33.2189,33.2189,9579200
2023-04-24,33.306,33.0157,33.0157,8452700
2023-04-25,32.8029,32.0384,32.0384,9119000
2023-04-26,32.1062,31.6901,31.6901,9237500
2023-04-27,31.9804,32.2513,32.2513,9561500
2023-04-28,32.3674,33.1996,33.1996,11108900
2023-05-01,33.3157,33.5963,33.5963,9901400
2023-05-02,33.3834,33.4125,33.4125,10014900
2023-05-03,33.4125,33.0254,33.0254,11166100
2023-05-04,32.8512,32.0094,32.0094,11694300
2023-05-05,32.3578,32.8416,32.8416,8697900
2023-05-08,33.1319,33.0932,33.0932,8726300
2023-05-09,32.8416,33.0932,33.0932,5845700
2023-05-10,33.5286,32.7061,32.7061,9025300
2023-05-11,32.4642,32.1449,32.1449,7620000
2023-05-12,32.2997,32.1545,32.1545,8934300
2023-05-15,32.2707,32.6287,32.6287,7586600
2023-05-16,32.561,32.7255,32.7255,8646700
2023-05-17,33.1899,34.7672,34.7672,16957300
2023-05-18,34.7285,34.7285,34.7285,9786300
2023-05-19,34.7672,34.4382,34.4382,8999000
2023-05-22,34.9026,34.3124,34.3124,9021000
2023-05-23,34.5833,34.7478,34.7478,10602100
2023-05-24,34.4091,33.7995,33.7995,8803900
2023-05-25,33.964,34.593,34.593,6880100
2023-05-26,34.593,34.7285,34.7285,6703600
2023-05-30,35.1155,35.1058,35.1058,8652600
2023-05-31,35.6767,35.1542,35.1542,9972100
2023-06-01,35.2413,35.2026,35.2026,7769000
2023-06-02,35.7155,35.8122,35.8122,8931000
2023-06-05,35.88,35.8993,35.8993,8285200
2023-06-06,35.4639,36.4218,36.4218,5744700
2023-06-07,36.6154,36.9927,36.9927,10268900
2023-06-08,37.0024,37.8443,37.8443,14879500
2023-06-09,37.8539,38.0087,38.0087,14940000
2023-06-12,38.299,38.899,38.899,10953500
2023-06-13,39.0828,40.215,40.215,14333300
2023-06-14,40.3601,40.8246,40.8246,13048900
2023-06-15,40.3891,41.4922,41.4922,14463100
2023-06-16,41.4729,41.4052,41.4052,12219200
2023-06-20,41.0471,41.1052,41.1052,12208700
2023-06-21,41.1149,41.4052,41.4052,9063100
2023-06-22,41.231,41.5503,41.5503,7195500
2023-06-23,40.8826,41.4729,41.4729,19597400
2023-06-26,41.4632,41.7438,41.7438,10820000
2023-06-27,42.2663,44.5983,44.5983,25947100
2023-06-28,44.7725,45.1983,45.1983,17184100
2023-06-29,45.237,44.8112,44.8112,15246600
2023-06-30,45.1402,46.0014,46.0014,13335700
2023-07-03,45.9047,46.4078,46.4078,6305700
2023-07-05,46.1756,46.9497,46.9497,10488400
2023-07-06,46.4369,45.7982,45.7982,15081900
2023-07-07,45.953,46.3304,46.3304,14600600
2023-07-10,46.282,46.8917,46.8917,10141000
2023-07-11,47.0078,47.0852,47.0852,9937300
2023-07-12,47.1239,46.3981,46.3981,15383400
2023-07-13,48.1399,46.1659,46.1659,32909200
2023-07-14,46.3308,45.0799,45.0799,18178700
2023-07-17,45.0799,45.3805,45.3805,9712500
2023-07-18,45.3902,46.9029,46.9029,11640400
2023-07-19,46.6508,47.0774,47.0774,9050800
2023-07-20,46.6702,47.2132,47.2132,10591000
2023-07-21,47.4168,47.0774,47.0774,8909700
2023-07-24,46.6508,46.0399,46.0399,9434100
2023-07-25,45.2447,45.0314,45.0314,13411000
2023-07-26,45.0314,45.0217,45.0217,8056600
2023-07-27,44.6338,44.3623,44.3623,8835300
2023-07-28,44.6629,44.3332,44.3332,8272200
2023-07-31,44.4205,44.8569,44.8569,7190000
2023-08-01,44.3526,44.023,44.023,9002800
2023-08-02,43.5478,43.4412,43.4412,7641900
2023-08-03,42.9757,42.8496,42.8496,7096100
2023-08-04,43.1212,43.2375,43.2375,7244100
2023-08-07,43.3345,43.8678,43.8678,5994000
2023-08-08,43.2666,44.4011,44.4011,5892100
2023-08-09,44.3526,43.6642,43.6642,6073200
2023-08-10,44.052,43.4993,43.4993,6926200
2023-08-11,43.2472,42.8303,42.8303,5489100
2023-08-14,42.6654,42.8884,42.8884,6363300
2023-08-15,42.5491,41.7151,41.7151,7020200
2023-08-16,41.7345,41.3757,41.3757,5617100
2023-08-17,41.3757,40.5127,40.5127,6408100
2023-08-18,40.0861,40.2315,40.2315,6282000
2023-08-21,40.4255,40.474,40.474,4164700
2023-08-22,40.7455,40.3479,40.3479,4249200
2023-08-23,40.3479,40.92,40.92,7094300
2023-08-24,40.7261,40.6291,40.6291,5478200
2023-08-25,40.823,40.4352,40.4352,5804500
2023-08-28,40.4643,41.1236,41.1236,4454500
2023-08-29,41.0849,42.4424,42.4424,8969800
2023-08-30,42.4521,41.9188,41.9188,5511900
2023-08-31,42.2194,41.5794,41.5794,6506500
2023-09-01,41.7927,41.56,41.56,5200300
2023-09-05,41.1915,40.4934,40.4934,8261200
2023-09-06,40.2316,40.4449,40.4449,7535200
2023-09-07,40.2412,39.8825,39.8825,7242800
2023-09-08,39.9019,39.5819,39.5819,8049900
2023-09-11,39.8534,39.6013,39.6013,6422500
2023-09-12,39.6691,39.4558,39.4558,6840000
2023-09-13,38.3019,38.3504,38.3504,11263000
2023-09-14,38.9807,38.1371,38.1371,13190400
2023-09-15,38.108,38.6898,38.6898,9842300
2023-09-18,38.3795,37.7104,37.7104,8517700
2023-09-19,37.691,38.2534,38.2534,8175500
2023-09-20,38.5637,37.7007,37.7007,7000200
2023-09-21,37.4098,37.1383,37.1383,7938900
2023-09-22,37.2159,36.5274,36.5274,7754200
2023-09-25,36.2656,36.4207,36.4207,7346900
2023-09-26,36.0717,35.6547,35.6547,8988900
2023-09-27,35.6547,35.548,35.548,7996900
2023-09-28,35.5868,35.8293,35.8293,8247600
2023-09-29,36.1201,35.8777,35.8777,7990300
2023-10-02,35.8486,35.3444,35.3444,5799800
2023-10-03,35.0438,34.1711,34.1711,9406100
2023-10-04,34.3941,34.9662,34.9662,9430500
2023-10-05,35.3638,35.3347,35.3347,8342200
2023-10-06,35.2281,35.8777,35.8777,9785200
2023-10-09,34.6269,34.2099,34.2099,14475900
2023-10-10,34.656,34.7432,34.7432,12365700
2023-10-11,34.7724,34.9863,34.9863,14319300
2023-10-12,35.9879,34.1792,34.1792,29838600
2023-10-13,33.8195,33.1582,33.1582,14423600
2023-10-16,33.168,33.4694,33.4694,10136900
2023-10-17,33.3819,33.7222,33.7222,10331900
2023-10-18,33.1582,32.2247,32.2247,14724500
2023-10-19,32.2928,31.8066,31.8066,13407100
2023-10-20,31.6899,31.3399,31.3399,8364900
2023-10-23,31.1162,31.1551,31.1551,12427600
2023-10-24,31.2135,31.1357,31.1357,8662800
2023-10-25,30.9801,30.5425,30.5425,11186400
2023-10-26,30.6106,30.7273,30.7273,10230800
2023-10-27,30.8829,29.8035,29.8035,10826500
2023-10-30,29.998,30.3675,30.3675,10783100
2023-10-31,30.28,30.387,30.387,9104300
2023-11-01,30.5231,30.2508,30.2508,9336700
2023-11-02,30.7856,31.1357,31.1357,9711700
2023-11-03,31.6608,32.4289,32.4289,12310200
2023-11-06,32.7012,32.0108,32.0108,8225800
2023-11-07,32.0983,32.5165,32.5165,10497700
2023-11-08,32.8179,33.2263,33.2263,14144100
2023-11-09,33.4694,32.5554,32.5554,8513100
2023-11-10,32.672,33.1193,33.1193,7536700
2023-11-13,32.8568,33.2263,33.2263,7144400
2023-11-14,34.1501,34.2668,34.2668,10993800
2023-11-15,34.5293,34.7724,34.7724,10580600
2023-11-16,34.7043,34.5293,34.5293,7756300
2023-11-17,34.7918,35.0641,35.0641,8447200
2023-11-20,34.9571,35.492,35.492,7784200
2023-11-21,35.278,34.8891,34.8891,7345000
2023-11-22,35.7837,34.9571,34.9571,12367700
2023-11-24,35.1613,35.103,35.103,4392600
2023-11-27,34.8988,34.8502,34.8502,7147100
2023-11-28,34.9183,35.0447,35.0447,7810200
2023-11-29,35.3558,35.6281,35.6281,9311600
2023-11-30,35.6962,35.9101,35.9101,11392800
2023-12-01,35.9587,36.9992,36.9992,11014200
2023-12-04,36.9505,37.1061,37.1061,9760000
2023-12-05,36.7172,36.5713,36.5713,7828100
2023-12-06,37.1839,37.8646,37.8646,12499700
2023-12-07,38.3605,39.2259,39.2259,12122600
2023-12-08,39.1481,39.2356,39.2356,8728400
2023-12-11,39.294,39.3912,39.3912,7295400
2023-12-12,39.4009,40.1011,40.1011,8448900
2023-12-13,39.7413,40.0524,40.0524,12821300
2023-12-14,40.383,41.2679,41.2679,14530800
2023-12-15,41.4138,41.1707,41.1707,12907200
2023-12-18,40.8401,40.0427,40.0427,8624000
2023-12-19,40.2761,40.0135,40.0135,7560000
2023-12-20,39.644,39.2259,39.2259,9695100
2023-12-21,39.7315,39.9844,39.9844,7709400
2023-12-22,39.926,39.9941,39.9941,6839000
2023-12-26,39.8774,39.6343,39.6343,4722900
2023-12-27,39.5954,39.469,39.469,4486400
2023-12-28,39.3815,39.5079,39.5079,4558100
2023-12-29,39.4107,39.1189,39.1189,8624200
2024-01-02,38.8661,39.3329,39.3329,9483800
2024-01-03,38.5647,37.6701,37.6701,11846200
2024-01-04,37.6701,38.1174,38.1174,8355800
2024-01-05,38.0688,39.4204,39.4204,11060000
2024-01-08,40.0913,40.4803,40.4803,11967400
2024-01-09,40.2566,41.1512,41.1512,11894000
2024-01-10,41.0637,40.947,40.947,10255600
2024-01-11,40.6942,41.0929,41.0929,10485200
2024-01-12,39.0412,37.4076,37.4076,42272200
2024-01-16,37.0867,36.4352,36.4352,27511600
2024-01-17,36.2699,36.1143,36.1143,11165800
2024-01-18,36.2699,37.0381,37.0381,13540800
2024-01-19,37.1256,36.2504,36.2504,19117400
2024-01-22,36.6199,35.9587,35.9587,11661700
2024-01-23,37.0089,36.9603,36.9603,15332500
2024-01-24,37.3395,37.1353,37.1353,9694900
2024-01-25,37.9715,39.0703,39.0703,19386400
2024-01-26,39.1481,38.5355,38.5355,8126600
2024-01-29,38.5258,38.9828,38.9828,7247500
2024-01-30,38.4966,38.4286,38.4286,6610800
2024-01-31,38.3021,38.059,38.059,8183300
2024-02-01,38.3216,38.6619,38.6619,9865500
2024-02-02,38.3605,38.8758,38.8758,7513500
2024-02-05,38.3508,38.1563,38.1563,7931900
2024-02-06,38.1757,39.0703,39.0703,7579200
2024-02-07,39.1967,39.0995,39.0995,6544000
2024-02-08,39.187,39.2356,39.2356,7611500
2024-02-09,39.4009,39.3912,39.3912,7769400
2024-02-12,39.2065,39.4593,39.4593,6677300
2024-02-13,38.7397,38.905,38.905,8855300
2024-02-14,39.2648,39.7121,39.7121,8961800
2024-02-15,40.0524,39.8677,39.8677,7291500
2024-02-16,39.4301,39.012,39.012,7674100
2024-02-20,38.8661,39.4787,39.4787,8190900
2024-02-21,39.3815,39.6343,39.6343,5903000
2024-02-22,39.8677,40.9567,40.9567,12389000
2024-02-23,40.908,40.6643,40.6643,9103400
2024-02-26,40.7033,40.7326,40.7326,7783300
2024-02-27,41.0055,40.9178,40.9178,7119400
2024-02-28,40.4694,40.947,40.947,7376400
2024-02-29,41.103,41.2004,41.2004,10294100
2024-03-01,41.1322,41.0932,41.0932,5332300
2024-03-04,40.83,40.5181,40.5181,8206500
2024-03-05,40.2062,40.7423,40.7423,7123200
2024-03-06,40.9178,40.9567,40.9567,6435500
2024-03-07,41.1322,41.6975,41.6975,9519200
2024-03-08,41.7462,41.1712,41.1712,8222400
2024-03-11,40.9957,41.6,41.6,8031400
2024-03-12,41.1809,41.678,41.678,15141900
2024-03-13,41.6,42.7989,42.7989,12386600
2024-03-14,42.7015,41.9704,41.9704,9658300
2024-03-15,41.8925,42.0289,42.0289,8026800
2024-03-18,42.2336,42.3408,42.3408,8313200
2024-03-19,42.2726,42.6332,42.6332,5358600
2024-03-20,42.8477,44.2317,44.2317,9632600
2024-03-21,44.3487,44.836,44.836,9868900
2024-03-22,44.836,44.4364,44.4364,6666100
2024-03-25,44.3292,44.2707,44.2707,8827000
2024-03-26,44.4267,44.7678,44.7678,7468400
2024-03-27,45.0407,46.1129,46.1129,10201400
2024-03-28,46.1031,46.6587,46.6587,13599400
2024-04-01,47.2728,46.9999,46.9999,13772800
2024-04-02,46.1226,45.7133,45.7133,9990900
2024-04-03,45.606,45.3916,45.3916,11209100
2024-04-04,46.0252,44.7191,44.7191,10628300
2024-04-05,44.8263,44.8945,44.8945,7632900
2024-04-08,45.1479,45.8205,45.8205,9977500
2024-04-09,45.9569,46.1226,46.1226,13330700
2024-04-10,46.6392,45.07,45.07,34952500
2024-04-11,45.5573,46.4248,46.4248,14073300
2024-04-12,45.6061,45.6743,45.6743,16612000
2024-04-15,46.0739,45.4696,45.4696,12122000
2024-04-16,45.4209,45.3721,45.3721,11692900
2024-04-17,46.5125,46.6685,46.6685,13841600
2024-04-18,46.7854,46.6392,46.6392,12255100
2024-04-19,46.5905,46.3663,46.3663,9271700
2024-04-22,46.5905,47.7796,47.7796,10442100
2024-04-23,47.1948,47.9843,47.9843,10669300
2024-04-24,47.9551,46.7269,46.7269,10329500
2024-04-25,46.0934,48.6179,48.6179,12946800
2024-04-26,48.5009,48.6568,48.6568,9983000
2024-04-29,48.5691,49.1734,49.1734,9601300
2024-04-30,48.5789,48.8031,48.8031,11063500
2024-05-01,48.7738,48.7543,48.7543,10368700
2024-05-02,49.3099,49.7388,49.7388,8196100
2024-05-03,50.0604,50.2456,50.2456,9165900
2024-05-06,50.6452,51.5907,51.5907,8541200
2024-05-07,50.8207,50.8792,50.8792,6583900
2024-05-08,50.8402,50.9571,50.9571,5125500
2024-05-09,50.8109,51.4152,51.4152,4601700
2024-05-10,51.6102,51.269,51.269,6118900
2024-05-13,51.7183,51.7476,51.7476,7137400
2024-05-14,52.1772,51.8159,51.8159,5549600
2024-05-15,52.0698,52.0112,52.0112,5655300
2024-05-16,52.0796,51.2788,51.2788,4801100
2024-05-17,51.2983,51.4643,51.4643,4535300
2024-05-20,51.3374,51.7476,51.7476,4470500
2024-05-21,51.4741,51.0054,51.0054,6094900
2024-05-22,50.9858,50.3706,50.3706,6309900
2024-05-23,50.439,49.9995,49.9995,6112500
2024-05-24,50.2437,50.6245,50.6245,5197700
2024-05-28,50.4976,49.1011,49.1011,6060800
2024-05-29,47.7827,48.73,48.73,10796100
2024-05-30,48.8277,48.9351,48.9351,4909200
2024-05-31,49.2183,49.8237,49.8237,7780900
2024-06-03,50.2437,49.5991,49.5991,5403300
2024-06-04,49.4136,48.6909,48.6909,7232200
2024-06-05,48.8277,49.6284,49.6284,10234100
2024-06-06,49.8042,49.2476,49.2476,5228700
2024-06-07,48.8277,49.2573,49.2573,4743500
2024-06-10,49.1206,49.3159,49.3159,3734400
2024-06-11,48.9546,48.1343,48.1343,7120800
2024-06-12,48.7788,49.4331,49.4331,6810000
2024-06-13,49.228,48.9937,48.9937,5250400
2024-06-14,48.3589,47.5777,47.5777,12323500
2024-06-17,47.4702,48.5445,48.5445,5288500
2024-06-18,48.4175,48.4175,48.4175,5026600
2024-06-20,48.2027,48.4468,48.4468,5303100
2024-06-21,48.398,48.2222,48.2222,9374800
2024-06-24,48.2612,48.2417,48.2417,6695400
2024-06-25,48.3882,47.6656,47.6656,7726200
2024-06-26,46.7769,47.0503,47.0503,10964200
2024-06-27,47.021,47.4605,47.4605,6504900
2024-06-28,47.2847,46.3277,46.3277,11892900
2024-07-01,46.689,45.8199,45.8199,9064600
2024-07-02,45.898,45.6148,45.6148,6361900
2024-07-03,46.0445,46.2789,46.2789,3543200
2024-07-05,46.0445,44.941,44.941,9605500
2024-07-08,45.7222,45.2632,45.2632,7404000
2024-07-09,45.2828,45.7906,45.7906,9369500
2024-07-10,46.0249,45.7613,45.7613,11416100
2024-07-11,42.0015,43.9351,43.9351,33857200
2024-07-12,43.4176,42.5973,42.5973,16717000
2024-07-15,42.5875,41.9918,41.9918,12563800
2024-07-16,42.2262,44.941,44.941,15554000
2024-07-17,44.2672,44.6871,44.6871,7160500
2024-07-18,44.6773,43.8668,43.8668,10441500
2024-07-19,43.691,44.3746,44.3746,8789800
2024-07-22,43.6031,42.8023,42.8023,14486000
2024-07-23,42.8121,42.5875,42.5875,10772600
2024-07-24,42.4605,41.9332,41.9332,7120100
2024-07-25,41.7379,42.4508,42.4508,9293100
2024-07-26,42.939,43.0953,43.0953,8721400
2024-07-29,43.0953,42.1676,42.1676,7832300
2024-07-30,42.5301,42.3636,42.3636,6087700
2024-07-31,42.3832,42.1578,42.1578,7718200
2024-08-01,42.4518,40.6682,40.6682,9729500
2024-08-02,39.8451,39.0317,39.0317,9378300
2024-08-05,36.7582,37.1698,37.1698,19882800
2024-08-06,37.4638,37.454,37.454,7541400
2024-08-07,37.9635,36.572,36.572,10595700
2024-08-08,37.0424,38.8161,38.8161,9297300
2024-08-09,38.7279,38.5123,38.5123,8279500
2024-08-12,38.2183,38.2771,38.2771,10284000
2024-08-13,38.5417,38.7083,38.7083,7616400
2024-08-14,38.9435,37.9145,37.9145,5936300
2024-08-15,38.5417,39.3747,39.3747,9742600
2024-08-16,39.2963,39.3453,39.3453,4633800
2024-08-19,39.4237,39.6589,39.6589,5246900
2024-08-20,39.6883,39.3159,39.3159,4108400
2024-08-21,39.5217,39.3747,39.3747,6508200
2024-08-22,39.4433,39.3355,39.3355,4620900
2024-08-23,39.6295,40.5506,40.5506,6033500
2024-08-26,40.7858,40.1586,40.1586,6110900
2024-08-27,40.237,39.9921,39.9921,5348200
2024-08-28,39.9627,39.6197,39.6197,7586900
2024-08-29,39.8353,40.727,40.727,8824200
2024-08-30,41.07,41.6384,41.6384,8652000
2024-09-03,41.2562,41.5208,41.5208,7690200
2024-09-04,41.4326,41.5208,41.5208,7096300
2024-09-05,41.9618,41.3248,41.3248,18941400
2024-09-06,41.2954,41.1876,41.1876,8498200
2024-09-09,41.707,42.8045,42.8045,12176000
2024-09-10,43.0397,42.5301,42.5301,7184800
2024-09-11,42.6379,43.3925,43.3925,6984900
2024-09-12,45.3524,43.3827,43.3827,13654900
2024-09-13,44.0197,44.2745,44.2745,9391400
2024-09-16,44.1569,44.4117,44.4117,7171400
2024-09-17,45.0388,45.7444,45.7444,8579600
2024-09-18,45.8718,45.9796,45.9796,7584000
2024-09-19,46.7342,46.1854,46.1854,6676800
2024-09-20,46.1168,45.9992,45.9992,9728200
2024-09-23,45.9306,46.2148,46.2148,5449600
2024-09-24,46.4206,46.842,46.842,6652700
2024-09-25,47.0183,47.7729,47.7729,9203400
2024-09-26,48.9979,50.7716,50.7716,17920400
2024-09-27,50.9774,50.507,50.507,10931300
2024-09-30,50.4286,49.772,49.772,8083200
2024-10-01,49.7818,48.9587,48.9587,10546000
2024-10-02,48.3903,47.4299,47.4299,8142000
2024-10-03,47.4495,46.5088,46.5088,9561800
2024-10-04,48.0865,48.2923,48.2923,8574400
2024-10-07,48.0865,48.4785,48.4785,7103400
2024-10-08,48.9293,49.6054,49.6054,8425800
2024-10-09,49.7818,49.9582,49.9582,9670500
2024-10-10,49.6437,49.4275,49.4275,16893700
2024-10-11,49.113,50.4496,50.4496,8037200
2024-10-14,50.4693,52.2679,52.2679,9581400
2024-10-15,52.9166,51.8256,51.8256,9175400
2024-10-16,52.3367,55.3442,55.3442,18957900
2024-10-17,54.5481,54.3122,54.3122,8349900
2024-10-18,54.5973,54.843,54.843,8222100
2024-10-21,53.7422,54.155,54.155,6869400
2024-10-22,54.1353,53.8601,53.8601,5701400
2024-10-23,53.4572,53.7127,53.7127,6624000
2024-10-24,54.3319,53.8307,53.8307,5724600
2024-10-25,54.0567,53.1918,53.1918,5982900
2024-10-28,54.5481,54.4302,54.4302,10898800
2024-10-29,53.7619,56.3566,56.3566,9524100
2024-10-30,56.1403,57.4574,57.4574,11089000
2024-10-31,57.3001,56.2386,56.2386,7749400
2024-11-01,56.504,57.3886,57.3886,9588400
2024-11-04,56.8283,55.9143,55.9143,7959800
2024-11-05,56.1109,57.2903,57.2903,5390600
2024-11-06,59.4624,61.2512,61.2512,16683600
2024-11-07,60.5927,59.3936,59.3936,7400000
2024-11-08,59.8653,60.0029,60.0029,4646000
2024-11-11,60.0324,62.4699,62.4699,8087400
2024-11-12,62.1161,62.9515,62.9515,6598700
2024-11-13,63.1579,63.3545,63.3545,8528900
2024-11-14,63.9048,63.7378,63.7378,7311800
2024-11-15,64.3177,62.9711,62.9711,9852600
2024-11-18,62.981,62.1554,62.1554,6628900
2024-11-19,60.632,63.6395,63.6395,9800400
2024-11-20,63.0006,62.5485,62.5485,10922900
2024-11-21,63.5903,62.2537,62.2537,9931500
2024-11-22,62.3618,62.2537,62.2537,6625400
2024-11-25,63.2267,63.3839,63.3839,7901300
2024-11-26,63.7476,63.0399,63.0399,5499600
2024-11-27,62.9711,62.5289,62.5289,5557400
2024-11-29,62.5584,62.7254,62.7254,3111400
2024-12-02,62.9023,62.3225,62.3225,6299600
2024-12-03,62.3225,61.4969,61.4969,5337600
2024-12-04,61.8409,63.1579,63.1579,5301200
2024-12-05,65.4971,64.642,64.642,9380100
2024-12-06,65.8312,63.4232,63.4232,8635300
2024-12-09,63.3643,61.1922,61.1922,6331700
2024-12-10,62.5878,61.6934,61.6934,6552600
2024-12-11,61.8998,62.3913,62.3913,7100300
2024-12-12,62.5092,60.573,60.573,8166400
2024-12-13,61.2217,60.4649,60.4649,5835600
2024-12-16,60.3666,60.0029,60.0029,6105200
2024-12-17,59.7965,59.7671,59.7671,5537800
2024-12-18,59.9341,57.8702,57.8702,8171800
2024-12-19,58.6663,59.3444,59.3444,9403300
2024-12-20,58.8039,59.885,59.885,13918600
2024-12-23,59.5607,60.4649,60.4649,7196400
2024-12-24,60.3568,61.487,61.487,3218400
2024-12-26,60.9366,61.3298,61.3298,4478100
2024-12-27,60.9268,60.2093,60.2093,7175400
2024-12-30,59.138,59.6786,59.6786,5153300
2024-12-31,59.5213,59.4624,59.4624,4326500
2025-01-02,59.2363,58.0569,58.0569,8639300
2025-01-03,58.0078,57.9881,57.9881,9207000
2025-01-06,59.2658,59.0103,59.0103,9652900
2025-01-07,59.2658,60.1307,60.1307,9074200
2025-01-08,59.9047,60.3666,60.3666,9062400
2025-01-10,63.8754,65.8017,65.8017,27227200
2025-01-13,65.1727,63.9835,63.9835,12375500
2025-01-14,65.3595,65.1531,65.1531,6989800
2025-01-15,65.9787,64.3766,64.3766,8808600
2025-01-16,64.3177,65.045,65.045,6427000
2025-01-17,65.556,64.6911,64.6911,5978000
2025-01-21,65.615,67.1679,67.1679,11875200
2025-01-22,68.5734,66.6175,66.6175,11612600
2025-01-23,67.0205,66.2932,66.2932,8116300
2025-01-24,66.2244,66.0278,66.0278,5186700
2025-01-27,65.1924,66.6077,66.6077,4157600
2025-01-28,66.4701,66.4897,66.4897,5175900
2025-01-29,67.1384,67.2564,67.2564,4841300
2025-01-30,66.8337,67.394,67.394,6381000
2025-01-31,67.6298,66.1162,66.1162,4482900
2025-02-03,64.0228,65.3398,65.3398,5711800
2025-02-04,66.1457,67.8756,67.8756,7789200
2025-02-05,67.5217,67.8756,67.8756,5467300
2025-02-06,67.964,66.7551,66.7551,6000400
2025-02-07,67.0205,66.9714,66.9714,5313900
2025-02-10,66.6863,65.0548,65.0548,6825700
2025-02-11,64.5339,63.6395,63.6395,7899000
2025-02-12,63.8262,65.1924,65.1924,7642300
2025-02-13,65.3398,62.9613,62.9613,12609600
2025-02-14,63.2463,64.2685,64.2685,6049800
2025-02-18,63.669,63.2365,63.2365,6876200
2025-02-19,62.8532,63.9245,63.9245,7614200
2025-02-20,63.9835,62.6566,62.6566,8671600
2025-02-21,62.8532,58.9709,58.9709,12798800
2025-02-24,60.2781,60.4354,60.4354,11226700
2025-02-25,60.4944,60.7302,60.7302,9713100
2025-02-26,61.1332,60.6418,60.6418,5474300
2025-02-27,60.9472,58.8684,58.8684,7326200
2025-02-28,58.9176,59.2329,59.2329,8627800
2025-03-03,59.223,57.5875,57.5875,7966100
2025-03-04,55.8239,53.883,53.883,17873700
2025-03-05,54.2574,55.9323,55.9323,8741500
2025-03-06,54.9175,54.149,54.149,10669300
2025-03-07,53.213,52.4938,52.4938,15670600
2025-03-10,50.8682,49.5873,49.5873,20260900
2025-03-11,47.7055,45.9912,45.9912,31482500
2025-03-12,46.2474,44.6316,44.6316,16767700
2025-03-13,44.6808,43.2719,43.2719,16240600
2025-03-14,44.1192,46.0602,46.0602,16680800
2025-03-17,45.1242,46.1981,46.1981,12570500
2025-03-18,45.3606,45.2424,45.2424,13907000
2025-03-19,45.3311,47.0454,47.0454,11359500
2025-03-20,46.0306,46.2572,46.2572,6816800
2025-03-21,45.3212,46.0799,46.0799,17062800
2025-03-24,47.0454,48.1587,48.1587,9852900
2025-03-25,48.8681,47.9518,47.9518,8227000
2025-03-26,48.1785,47.3607,47.3607,6853200
2025-03-27,46.8188,45.469,45.469,11157800
2025-03-28,45.3212,43.1931,43.1931,15135100
2025-03-31,41.3803,42.9567,42.9567,18053300
2025-04-01,41.7054,41.7941,41.7941,13980800
2025-04-02,40.8285,42.73,42.73,10066500
2025-04-03,39.9714,38.1388,38.1388,18127900
2025-04-04,36.7299,36.7004,36.7004,22165500
2025-04-07,35.1535,36.7398,36.7398,20498800
2025-04-08,38.2964,35.3506,35.3506,24697300
2025-04-09,36.3654,43.6168,43.6168,41445600
2025-04-10,41.597,38.7792,38.7792,20053100
2025-04-11,38.6708,40.2768,40.2768,13717000
2025-04-14,40.9665,39.7053,39.7053,12505800
2025-04-15,39.6068,40.2275,40.2275,10499600
2025-04-16,41.1044,39.9911,39.9911,15131900
2025-04-17,40.0896,40.2472,40.2472,8116000
2025-04-21,39.5674,38.8876,38.8876,9066300
2025-04-22,39.528,39.7448,39.7448,8513000
2025-04-23,42.3655,40.7891,40.7891,11848800
2025-04-24,40.198,41.4,41.4,8777700
2025-04-25,40.9862,40.9665,40.9665,7197200
2025-04-28,41.1635,41.3409,41.3409,8372900
2025-04-29,41.0157,41.4591,41.4591,6327800
2025-04-30,40.2078,41.0157,41.0157,10589000
2025-05-01,41.5773,40.8876,40.8876,8142800
2025-05-02,42.3655,43.5478,43.5478,13943400
2025-05-05,43.1044,44.8385,44.8385,18733400
2025-05-06,43.5872,44.1488,44.1488,8826600
2025-05-07,44.4641,44.6316,44.6316,8676000
2025-05-08,45.7646,47.8238,47.8238,17708300
2025-05-09,48.1095,47.6267,47.6267,13494800
2025-05-12,51.2524,50.3854,50.3854,18926000
2025-05-13,50.5731,52.3617,52.3617,14097900
2025-05-14,51.8973,49.9803,49.9803,13883300
2025-05-15,49.921,49.6838,49.6838,8102700
2025-05-16,49.5257,50.3162,50.3162,8326000
2025-05-19,50.3261,50.583,50.583,8092200
2025-05-20,50.3755,49.3874,49.3874,9055300
2025-05-21,48.6957,47.6976,47.6976,8021500
2025-05-22,47.7767,47.9249,47.9249,9957800
2025-05-23,46.5218,47.3518,47.3518,7811900
2025-05-27,48.1818,48.8143,48.8143,11316100
2025-05-28,48.6858,48.0237,48.0237,7390500
2025-05-29,48.587,47.9249,47.9249,9060900
2025-05-30,47.668,47.8162,47.8162,9190700
2025-06-02,47.5198,47.9249,47.9249,8117500
2025-06-03,48.004,48.251,48.251,9400100
2025-06-04,48.1423,48.3992,48.3992,8231200
2025-06-05,48.1127,48.2609,48.2609,7398200
2025-06-06,49.2095,50.3459,50.3459,7449500
2025-06-09,50.6917,50.5929,50.5929,6378900
2025-06-10,50.5929,51.0672,51.0672,5877900
2025-06-11,51.255,48.587,48.587,10205400
2025-06-12,47.915,48.3004,48.3004,7655000
2025-06-13,45.6522,46.4822,46.4822,12952600
2025-06-16,47.164,48.8735,48.8735,10242300
2025-06-17,47.9249,46.7589,46.7589,9221600
2025-06-18,46.5415,46.9961,46.9961,7391800
2025-06-20,47.253,46.6403,46.6403,10796100
2025-06-23,46.2451,47.6779,47.6779,16437900
2025-06-24,48.9131,48.9724,48.9724,11886500
2025-06-25,49.0613,47.7372,47.7372,7885300
2025-06-26,47.9644,48.3894,48.3894,8286300
2025-06-27,48.6561,49.002,49.002,10177200
2025-06-30,49.2293,48.5969,48.5969,12531200
2025-07-01,48.5178,48.419,48.419,10037600
2025-07-02,48.5969,49.5356,49.5356,9833400
2025-07-03,49.9012,50.2569,50.2569,6123400
2025-07-07,50.0593,49.4071,49.4071,12227000
2025-07-08,50.1779,49.921,49.921,10734500
2025-07-09,50.6621,50.0988,50.0988,12870400
2025-07-10,55.5336,56.1067,56.1067,46966400
2025-07-11,55.5633,55.9783,55.9783,17788900
2025-07-14,56.1067,57.421,57.421,13722100
2025-07-15,57.3024,55.0494,55.0494,13709600
2025-07-16,55.8301,54.9012,54.9012,9066800
2025-07-17,55.5435,55.672,55.672,13199000
2025-07-18,55.6917,55.6226,55.6226,8978400
2025-07-21,55.7115,55.3755,55.3755,6074500
2025-07-22,55.3261,55.0099,55.0099,7547700
2025-07-23,55.6818,55.3162,55.3162,6782300
2025-07-24,54.7925,54.0613,54.0613,10696500
2025-07-25,54.1502,54.2095,54.2095,6819900
2025-07-28,54.338,54.9506,54.9506,6545600
2025-07-29,55.3063,53.8538,53.8538,5916300
2025-07-30,53.5573,52.9644,52.9644,7354800
2025-07-31,53.0021,52.7641,52.7641,6538100
2025-08-01,51.4949,50.7214,50.7214,9535100
2025-08-04,51.0288,52.0799,52.0799,7476400
2025-08-05,52.3477,52.427,52.427,5846500
2025-08-06,52.5559,53.6665,53.6665,8476700
2025-08-07,53.9938,53.1806,53.1806,4976500
2025-08-08,53.6764,53.1905,53.1905,6638000
2025-08-11,52.8038,53.0517,53.0517,4821600
2025-08-12,54.2615,57.9503,57.9503,15727800
2025-08-13,57.7322,58.9221,58.9221,9103700
2025-08-14,58.3569,58.466,58.466,4300300
2025-08-15,58.9519,59.7352,59.7352,9825500
2025-08-18,59.4675,60.5781,60.5781,6504200
2025-08-19,60.6376,59.9931,59.9931,5734000
2025-08-20,59.3485,58.5552,58.5552,6517000
2025-08-21,58.4858,57.3553,57.3553,5175100
2025-08-22,57.7619,61.1731,61.1731,10312400
2025-08-25,60.588,59.9038,59.9038,6191900
2025-08-26,59.9137,60.6376,60.6376,5618800
2025-08-27,60.5781,60.7467,60.7467,4693100
2025-08-28,61.1731,61.4507,61.4507,5825000
2025-08-29,61.3912,61.2623,61.2623,4856300
2025-09-02,60.0327,60.6178,60.6178,6925300
2025-09-03,60.9153,60.7566,60.7566,7237400
2025-09-04,60.826,60.0426,60.0426,7023800
2025-09-05,60.35,60.6674,60.6674,6398500
2025-09-08,60.4889,61.2425,61.2425,7579200
2025-09-09,61.0838,60.1715,60.1715,6424300
2025-09-10,60.0526,60.8756,60.8756,5199500
2025-09-11,61.2921,59.9336,59.9336,18816800
2025-09-12,60.3104,59.3683,59.3683,6771000
2025-09-15,59.3783,57.9305,57.9305,9773300
2025-09-16,57.99,57.3752,57.3752,10140900
2025-09-17,57.9404,58.3271,58.3271,8361000
2025-09-18,58.9419,58.9717,58.9717,5574400
2025-09-19,59.2989,59.2593,59.2593,15278900
2025-09-22,58.9519,58.3965,58.3965,7157800
2025-09-23,58.5056,58.2577,58.2577,4527500
2025-09-24,58.5255,57.2264,57.2264,5372600
2025-09-25,56.7703,56.2646,56.2646,6781400
2025-09-26,56.8992,56.7207,56.7207,6634400
2025-09-29,57.5438,57.1769,57.1769,7822100
2025-09-30,57.157,56.2745,56.2745,8263400
2025-10-01,57.0876,55.6398,55.6398,7005400
2025-10-02,56.1654,56.6017,56.6017,7619700
2025-10-03,57.1967,56.7802,56.7802,6390300
2025-10-06,57.1967,57.7718,57.7718,7821500
2025-10-07,57.8313,56.1555,56.1555,10623500
2025-10-08,56.5125,56.6414,56.6414,12402700
2025-10-09,61.3813,59.0708,59.0708,29289500
2025-10-10,59.4278,56.9984,56.9984,14375100
2025-10-13,57.7421,58.228,58.228,9448600
2025-10-14,57.3157,60.7566,60.7566,10945000
2025-10-15,61.1433,61.183,61.183,8882200
2025-10-16,61.3004,60.077,60.077,12415900
2025-10-17,60.0173,59.321,59.321,6230900
2025-10-20,59.7587,61.4197,61.4197,6512100
2025-10-21,61.1313,61.9867,61.9867,7041200
2025-10-22,61.6684,59.6791,59.6791,7235700
2025-10-23,60.1764,58.4557,58.4557,7687600
2025-10-24,59.5498,60.624,60.624,8857500
2025-10-27,61.0418,60.1267,60.1267,5658100
2025-10-28,60.0173,57.5505,57.5505,8516600
2025-10-29,57.5903,58.4457,58.4457,8625000
2025-10-30,57.8987,56.8145,56.8145,7191600
2025-10-31,56.9935,57.0731,57.0731,7677500
2025-11-03,56.9836,58.1871,58.1871,7598000
2025-11-04,57.093,55.3524,55.3524,11622700
2025-11-05,55.9989,58.2269,58.2269,8311000
2025-11-06,57.5903,57.5008,57.5008,6605400
2025-11-07,56.5559,58.5651,58.5651,8748700
2025-11-10,59.5796,58.2468,58.2468,7918200
2025-11-11,58.1374,57.4312,57.4312,5693800
2025-11-12,57.9384,60.1565,60.1565,9805400
2025-11-13,60.0471,59.5896,59.5896,8536100
2025-11-14,57.9683,58.0976,58.0976,5320800
2025-11-17,57.839,55.4618,55.4618,8424500
2025-11-18,55.1236,56.8244,56.8244,6441800
2025-11-19,57.4809,56.5658,56.5658,5538400
2025-11-20,57.4113,55.6706,55.6706,6229000
2025-11-21,56.5559,58.2567,58.2567,9568000
2025-11-24,58.7541,60.3455,60.3455,9994900
2025-11-25,60.1864,61.8176,61.8176,7753400
2025-11-26,62.0563,63.9262,63.9262,8122000
2025-11-28,64.2246,63.7572,63.7572,3476200
2025-12-01,63.051,63.8069,63.8069,7252600
2025-12-02,64.0556,64.7916,64.7916,7337600
2025-12-03,64.7717,67.129,67.129,10140600
2025-12-04,67.2384,66.8804,66.8804,9455900
2025-12-05,66.393,66.7411,66.7411,7895600
2025-12-08,67.318,66.8605,66.8605,9235500
2025-12-09,66.3532,67.0495,67.0495,7340400
2025-12-10,67.328,69.556,69.556,11823200
2025-12-11,69.0586,70.1826,70.1826,9134700
2025-12-12,70.5705,69.4366,69.4366,7937900
2025-12-15,70.3815,70.8888,70.8888,7993300
2025-12-16,71.0977,70.7595,70.7595,10443600
2025-12-17,70.5606,69.3471,69.3471,7222300
2025-12-18,70.4412,69.7748,69.7748,5988000
2025-12-19,69.8643,70.6799,70.6799,16154200
2025-12-22,71.1176,71.6746,71.6746,5141600
2025-12-23,71.406,70.1229,70.1229,6050300
2025-12-24,70.1329,70.5805,70.5805,1821800
2025-12-26,70.4512,70.4711,70.4711,2892400
2025-12-29,69.735,69.1581,69.1581,5262500
2025-12-30,69.1183,68.9691,68.9691,3807600
2025-12-31,69.0388,69.0288,69.0288,3233400
2026-01-02,69.4764,68.6906,68.6906,5115400
2026-01-05,69.0487,71.4359,71.4359,9263200
2026-01-06,71.595,71.8337,71.8337,7717900
2026-01-07,72.3509,71.2668,71.2668,6399700
2026-01-08,71.0678,70.9087,70.9087,4981800
2026-01-09,71.5055,71.9232,71.9232,7971400
2026-01-12,70.4213,70.6501,70.6501,10736400
2026-01-13,67.7358,68.9592,68.9592,18342700
2026-01-14,69.0189,68.1237,68.1237,9529700
2026-01-15,68.7802,70.9584,70.9584,8223800
2026-01-16,70.9883,70.0533,70.0533,7580100
2026-01-20,68.4121,67.0992,67.0992,7740400
2026-01-21,68.0839,68.5812,68.5812,9791200
2026-01-22,69.4068,68.5812,68.5812,6874500
2026-01-23,67.9049,67.5965,67.5965,6400300
2026-01-26,67.3578,67.139,67.139,6981900
2026-01-27,67.7656,65.7862,65.7862,8097200
2026-01-28,66.6516,65.4779,65.4779,6165800
2026-01-29,65.458,66.1841,66.1841,9613500
2026-01-30,65.8459,65.5376,65.5376,6680600
2026-02-02,66.393,68.7105,68.7105,10090600
2026-02-03,69.4764,70.0632,70.0632,10014800
2026-02-04,70.2124,70.481,70.481,9912000
2026-02-05,70.0334,69.4068,69.4068,5655000
2026-02-06,70.103,74.947,74.947,13466800
2026-02-09,74.7978,74.5989,74.5989,7613200
2026-02-10,74.2308,74.0617,74.0617,6635000
2026-02-11,74.6884,71.038,71.038,9527800
2026-02-12,71.6149,69.1283,69.1283,9989100
2026-02-13,69.4167,68.631,68.631,7381300
2026-02-17,69.1283,70.4711,70.4711,6936100
2026-02-18,68.81,70.7297,70.7297,7742200
2026-02-19,69.5759,67.0793,67.0793,8628200
2026-02-20,66.95,69.0686,69.0686,7665200
2026-02-23,68.2331,66.5223,66.5223,8154600
2026-02-24,66.6416,68.8597,68.8597,9027600
2026-02-25,69.6256,69.0089,69.0089,4899500
2026-02-26,69.9943,70.3234,70.3234,7271100
2026-02-27,67.5707,65.5262,65.5262,12371500
2026-03-02,62.7635,64.08,64.08,11728000
2026-03-03,62.3246,64.4291,64.4291,11508500
2026-03-04,64.6984,63.6611,63.6611,9415200
2026-03-05,61.8359,61.1478,61.1478,20671100
2026-03-06,59.163,58.8539,58.8539,23029000
2026-03-09,57.4077,60.4197,60.4197,28401600
2026-03-10,59.8911,59.1132,59.1132,24287100
2026-03-11,59.3725,58.9835,58.9835,13719700
2026-03-12,57.2182,57.7867,57.7867,15013600
2026-03-13,58.435,58.6245,58.6245,12554000
2026-03-16,59.2129,60.679,60.679,14465500
2026-03-17,63.2921,64.6585,64.6585,24657100
2026-03-18,64.08,63.6412,63.6412,11810200
2026-03-19,62.6139,64.838,64.838,12368100
2026-03-20,64.5787,63.2721,63.2721,17890100
2026-03-23,66.344,64.9577,64.9577,18189300
2026-03-24,63.8307,66.4736,66.4736,14678300
2026-03-25,66.8327,67.8101,67.8101,13239800
2026-03-26,67.2017,66.6831,66.6831,11104600
2026-03-27,65.8553,64.6585,64.6585,11844400
2026-03-30,64.2894,63.0228,63.0228,14631800
2026-03-31,63.7808,66.3041,66.3041,17749200
2026-04-01,66.8327,67.4211,67.4211,12564300
2026-04-02,64.7283,66.5834,66.5834,11240500
2026-04-06,66.3839,66.6033,66.6033,8207800
2026-04-07,65.7855,65.4464,65.4464,16273700
2026-04-08,72.8068,67.8999,67.8999,20679500
2026-04-09,67.461,67.6505,67.6505,11636400
2026-04-10,67.9697,67.6405,67.6405,8040800
2026-04-13,66.723,66.8726,66.8726,8593800
2026-04-14,68.4185,71.5103,71.5103,16227100
2026-04-15,71.3706,71.7995,71.7995,12333500
2026-04-16,71.6798,69.7051,69.7051,8826100
2026-04-17,74.2231,71.5302,71.5302,12765600
2026-04-20,70.862,71.0216,71.0216,7616700
2026-04-21,70.3135,70.0342,70.0342,9904800
2026-04-22,70.3035,68.229,68.229,7763600
2026-04-23,68.2988,68.1891,68.1891,8670600
2026-04-24,68.588,68.2689,68.2689,5999500
2026-04-27,68.5681,68.0195,68.0195,6457200
2026-04-28,67.5907,67.0421,67.0421,7020800
2026-04-29,66.5235,66.0946,66.0946,8098700
2026-04-30,67.1219,67.8101,67.8101,6294400
2026-05-01,68.1193,68.7975,68.7975,9132000
2026-05-04,68.4883,68.3187,68.3187,8584400
2026-05-05,68.7476,70.6725,70.6725,8247000
2026-05-06,74.1832,73.1459,73.1459,9503800
2026-05-07,74.0436,72.9165,72.9165,8301300
2026-05-08,73.2357,73.136,73.136,5073200
2026-05-11,72.8567,71.0116,71.0116,6681700
2026-05-12,70.3234,70.5229,70.5229,5532700
2026-05-13,70.3035,70.862,70.862,4530500
2026-05-14,72.0,71.55,71.55,5877500
2026-05-15,70.53,70.23,70.23,7336100
2026-05-18,71.06,70.24,70.24,6781900
2026-05-19,69.22,67.76,67.76,5735900
2026-05-20,68.65,74.12,74.12,11954600
2026-05-21,72.9,75.65,75.65,8298200
2026-05-22,76.03,76.14,76.14,6437100
2026-05-26,78.2,79.39,79.39,9492400
2026-05-27,80.75,81.8,81.8,11966100
2026-05-28,80.9,82.49,82.49,7700700
2026-05-29,82.94,82.48,82.48,8224600
2026-06-01,81.07,81.47,81.47,7337000
2026-06-02,81.35,80.02,80.02,5198800
2026-06-03,79.7,78.78,78.78,5275000
2026-06-04,80.28,79.51,79.51,4843400
2026-06-05,79.06,79.42,79.42,5067600
2026-06-08,79.52,78.21,78.21,4692700
2026-06-09,79.86,81.17,81.17,7695300
2026-06-10,79.31,76.47,76.47,6647300
2026-06-11,76.51,81.83,81.83,7975700
2026-06-12,83.16,83.06,83.06,6867900
2026-06-15,86.05,84.07,84.07,9785300
2026-06-16,85.1,83.14,83.14,10288300
2026-06-17,83.38,82.25,82.25,10340400
2026-06-18,84.13,84.18,84.18,14843800
2026-06-22,84.5,85.92,85.92,7497300
2026-06-23,84.53,86.72,86.72,6895000
2026-06-24,88.43,90.65,90.65,9590600
2026-06-25,91.46,92.11,92.11,11815600
2026-06-26,92.25,92.57,92.57,11451500
2026-06-29,91.84,93.17,93.17,6427657
2026-06-30,93.08,93.66,93.66,7617442
2026-07-01,94.47,93.06,93.06,6114656
2026-07-02,94.92,92.75,92.75,6078031
