date,open_price_usd,close_price_usd,adj_close_price_usd,total_volume_usd
2021-01-05,13.5,12.55,12.55,7000.0
2021-01-06,13.48,12.75,12.75,21100.0
2021-01-07,13.02,13.93,13.93,20500.0
2021-01-08,18.88,13.7,13.7,102300.0
2021-01-11,13.26,12.67,12.67,128600.0
2021-01-12,12.75,13.78,13.78,217800.0
2021-01-13,13.93,13.38,13.38,170900.0
2021-01-14,13.63,13.6,13.6,371500.0
2021-01-15,13.88,13.79,13.79,91700.0
2021-01-19,14.0,14.4,14.4,79000.0
2021-01-20,14.35,14.39,14.39,76700.0
2021-01-21,14.68,14.5,14.5,151900.0
2021-01-22,15.57,15.0,15.0,166900.0
2021-01-25,15.0,13.95,13.95,120600.0
2021-01-26,14.05,13.04,13.04,187600.0
2021-01-27,12.94,12.5,12.5,243200.0
2021-01-28,12.32,12.67,12.67,134400.0
2021-01-29,12.89,13.57,13.57,84500.0
2021-02-01,13.64,14.26,14.26,73000.0
2021-02-02,14.58,14.78,14.78,73600.0
2021-02-03,15.25,15.75,15.75,112400.0
2021-02-04,15.85,15.55,15.55,34500.0
2021-02-05,15.55,15.98,15.98,70900.0
2021-02-08,16.0,16.67,16.67,76100.0
2021-02-09,16.73,16.57,16.57,31700.0
2021-02-10,16.38,16.13,16.13,77900.0
2021-02-11,15.93,15.95,15.95,86700.0
2021-02-12,16.0,15.75,15.75,223300.0
2021-02-16,16.0,16.0,16.0,52500.0
2021-02-17,16.25,16.45,16.45,88300.0
2021-02-18,16.5,15.94,15.94,44200.0
2021-02-19,15.93,15.75,15.75,74700.0
2021-02-22,20.0,20.8,20.8,20225500.0
2021-02-23,19.0,20.51,20.51,1447800.0
2021-02-24,20.45,19.91,19.91,684800.0
2021-02-25,19.3,16.56,16.56,871700.0
2021-02-26,16.12,15.31,15.31,507800.0
2021-03-01,16.5,19.18,19.18,1091900.0
2021-03-02,19.18,18.14,18.14,308400.0
2021-03-03,18.49,16.4,16.4,361600.0
2021-03-04,16.4,14.88,14.88,886400.0
2021-03-05,14.55,14.39,14.39,552800.0
2021-03-08,14.44,13.78,13.78,831000.0
2021-03-09,14.09,14.1,14.1,231600.0
2021-03-10,14.39,14.22,14.22,224600.0
2021-03-11,15.5,14.67,14.67,979000.0
2021-03-12,14.59,15.36,15.36,200700.0
2021-03-15,15.7,16.26,16.26,209800.0
2021-03-16,16.15,15.87,15.87,129800.0
2021-03-17,15.22,15.13,15.13,355900.0
2021-03-18,14.58,15.07,15.07,158200.0
2021-03-19,14.7,14.4,14.4,346800.0
2021-03-22,14.4,14.24,14.24,179300.0
2021-03-23,14.75,13.99,13.99,215100.0
2021-03-24,13.81,13.86,13.86,397600.0
2021-03-25,13.36,13.51,13.51,284500.0
2021-03-26,13.4,13.91,13.91,132100.0
2021-03-29,13.97,13.84,13.84,167100.0
2021-03-30,13.4,13.1,13.1,992100.0
2021-03-31,13.38,13.31,13.31,177700.0
2021-04-01,13.61,14.07,14.07,161400.0
2021-04-05,14.02,14.21,14.21,144300.0
2021-04-06,13.89,13.97,13.97,157800.0
2021-04-07,14.06,14.34,14.34,108700.0
2021-04-08,14.12,17.49,17.49,868300.0
2021-04-09,17.17,17.32,17.32,201100.0
2021-04-12,17.0,16.11,16.11,191700.0
2021-04-13,16.11,16.08,16.08,119800.0
2021-04-14,16.25,15.39,15.39,349600.0
2021-04-15,15.44,15.0,15.0,511000.0
2021-04-16,14.85,14.19,14.19,156100.0
2021-04-19,14.0,14.0,14.0,165800.0
2021-04-20,14.15,13.18,13.18,354900.0
2021-04-21,13.18,13.23,13.23,92800.0
2021-04-22,13.3,13.31,13.31,269500.0
2021-04-23,13.5,13.42,13.42,54200.0
2021-04-26,13.35,14.19,14.19,182900.0
2021-04-27,14.06,13.8,13.8,171100.0
2021-04-28,13.71,13.5,13.5,109900.0
2021-04-29,13.7,13.35,13.35,41900.0
2021-04-30,13.26,13.81,13.81,76300.0
2021-05-03,13.76,13.36,13.36,74300.0
2021-05-04,13.3,13.61,13.61,131600.0
2021-05-05,13.5,13.13,13.13,123200.0
2021-05-06,13.33,13.09,13.09,193400.0
2021-05-07,13.23,13.22,13.22,62400.0
2021-05-10,13.26,12.5,12.5,100600.0
2021-05-11,12.0,12.67,12.67,163000.0
2021-05-12,12.47,11.91,11.91,156500.0
2021-05-13,11.89,12.07,12.07,194300.0
2021-05-14,12.27,12.08,12.08,67300.0
2021-05-17,12.14,12.13,12.13,54000.0
2021-05-18,12.37,12.2,12.2,55400.0
2021-05-19,12.06,12.18,12.18,85100.0
2021-05-20,12.18,12.1,12.1,58300.0
2021-05-21,12.2,12.4,12.4,145700.0
2021-05-24,12.9,13.56,13.56,152400.0
2021-05-25,13.76,14.64,14.64,411900.0
2021-05-26,15.07,14.98,14.98,142600.0
2021-05-27,15.11,14.88,14.88,40200.0
2021-05-28,14.94,14.96,14.96,81700.0
2021-06-01,15.0,14.59,14.59,133400.0
2021-06-02,14.52,15.02,15.02,108400.0
2021-06-03,15.04,14.63,14.63,41600.0
2021-06-04,14.96,15.02,15.02,34400.0
2021-06-07,15.07,16.1,16.1,108600.0
2021-06-08,16.06,18.9,18.9,499800.0
2021-06-09,19.0,18.39,18.39,380300.0
2021-06-10,18.68,19.26,19.26,151600.0
2021-06-11,19.15,20.0,20.0,244200.0
2021-06-14,20.0,18.64,18.64,253600.0
2021-06-15,18.53,19.65,19.65,94500.0
2021-06-16,19.73,19.69,19.69,84900.0
2021-06-17,19.6,19.75,19.75,73400.0
2021-06-18,19.54,19.45,19.45,65400.0
2021-06-21,19.44,19.39,19.39,63600.0
2021-06-22,19.37,18.85,18.85,138800.0
2021-06-23,18.9,19.15,19.15,96600.0
2021-06-24,19.15,19.15,19.15,119300.0
2021-06-25,19.17,19.37,19.37,46600.0
2021-06-28,19.54,20.84,20.84,157100.0
2021-06-29,21.15,22.54,22.54,396000.0
2021-06-30,22.5,22.97,22.97,138600.0
2021-07-01,23.96,24.59,24.59,412200.0
2021-07-02,24.61,24.66,24.66,250400.0
2021-07-06,25.15,23.3,23.3,170300.0
2021-07-07,24.27,21.5,21.5,112400.0
2021-07-08,20.62,22.47,22.47,201200.0
2021-07-09,22.91,22.55,22.55,117500.0
2021-07-12,22.75,21.84,21.84,172700.0
2021-07-13,22.04,21.08,21.08,42000.0
2021-07-14,21.3,20.36,20.36,138400.0
2021-07-15,21.5,17.73,17.73,877800.0
2021-07-16,18.87,17.7,17.7,1161900.0
2021-07-19,17.51,18.56,18.56,475300.0
2021-07-20,18.91,19.08,19.08,384200.0
2021-07-21,19.99,18.0,18.0,1232400.0
2021-07-22,18.1,17.73,17.73,770200.0
2021-07-23,18.23,17.11,17.11,762600.0
2021-07-26,17.01,16.1,16.1,914400.0
2021-07-27,16.1,15.57,15.57,417400.0
2021-07-28,15.58,16.36,16.36,684700.0
2021-07-29,16.35,16.57,16.57,452900.0
2021-07-30,16.26,16.51,16.51,328000.0
2021-08-02,16.7,16.02,16.02,464500.0
2021-08-03,15.99,15.46,15.46,447500.0
2021-08-04,15.26,14.75,14.75,509100.0
2021-08-05,15.03,15.31,15.31,460200.0
2021-08-06,15.11,14.8,14.8,1225000.0
2021-08-09,14.63,15.17,15.17,488600.0
2021-08-10,14.89,14.79,14.79,2619900.0
2021-08-11,15.3,14.44,14.44,2261100.0
2021-08-12,14.38,14.6,14.6,1388400.0
2021-08-13,14.92,14.59,14.59,1141800.0
2021-08-16,14.53,14.48,14.48,538800.0
2021-08-17,14.83,13.75,13.75,1228300.0
2021-08-18,13.65,13.67,13.67,778300.0
2021-08-19,13.5,14.01,14.01,381900.0
2021-08-20,14.11,13.99,13.99,397400.0
2021-08-23,14.22,14.21,14.21,1207100.0
2021-08-24,14.22,15.05,15.05,1150300.0
2021-08-25,15.73,15.05,15.05,2953800.0
2021-08-26,15.12,15.24,15.24,922200.0
2021-08-27,15.22,15.67,15.67,1106700.0
2021-08-30,15.87,15.46,15.46,659400.0
2021-08-31,15.4,15.53,15.53,897400.0
2021-09-01,15.54,16.78,16.78,1539400.0
2021-09-02,16.97,17.22,17.22,839400.0
2021-09-03,17.18,17.57,17.57,508200.0
2021-09-07,17.6,15.95,15.95,2629200.0
2021-09-08,15.71,16.06,16.06,752500.0
2021-09-09,16.2,16.37,16.37,882300.0
2021-09-10,16.39,16.43,16.43,891100.0
2021-09-13,16.49,16.14,16.14,693000.0
2021-09-14,16.05,15.92,15.92,937300.0
2021-09-15,15.84,16.2,16.2,824300.0
2021-09-16,16.17,16.13,16.13,704100.0
2021-09-17,15.99,16.02,16.02,6615700.0
2021-09-20,15.89,16.27,16.27,895600.0
2021-09-21,16.53,15.92,15.92,588400.0
2021-09-22,16.19,17.69,17.69,1215500.0
2021-09-23,18.08,19.99,19.99,3249500.0
2021-09-24,19.71,19.74,19.74,1079800.0
2021-09-27,19.92,21.05,21.05,1959700.0
2021-09-28,20.99,20.37,20.37,2441900.0
2021-09-29,20.38,19.09,19.09,3366900.0
2021-09-30,19.61,18.89,18.89,567900.0
2021-10-01,18.94,18.82,18.82,502000.0
2021-10-04,18.62,19.35,19.35,1060200.0
2021-10-05,19.38,19.51,19.51,626800.0
2021-10-06,19.25,20.29,20.29,933000.0
2021-10-07,20.45,21.51,21.51,959000.0
2021-10-08,21.49,21.38,21.38,1069800.0
2021-10-11,21.84,20.62,20.62,667100.0
2021-10-12,20.91,21.2,21.2,642400.0
2021-10-13,21.04,20.39,20.39,865700.0
2021-10-14,20.54,20.0,20.0,390600.0
2021-10-15,20.05,20.88,20.88,1151100.0
2021-10-18,20.63,20.84,20.84,584400.0
2021-10-19,20.96,21.36,21.36,775400.0
2021-10-20,21.97,23.71,23.71,2080400.0
2021-10-21,23.5,24.09,24.09,810400.0
2021-10-22,24.0,23.61,23.61,741000.0
2021-10-25,23.9,24.65,24.65,637700.0
2021-10-26,24.79,24.39,24.39,828700.0
2021-10-27,24.4,24.02,24.02,508800.0
2021-10-28,24.14,26.47,26.47,876100.0
2021-10-29,26.09,26.4,26.4,730800.0
2021-11-01,26.86,27.38,27.38,1226900.0
2021-11-02,27.48,30.43,30.43,1902200.0
2021-11-03,30.41,32.12,32.12,1792400.0
2021-11-04,32.31,30.59,30.59,1421100.0
2021-11-05,30.95,29.56,29.56,818500.0
2021-11-08,30.31,30.97,30.97,975300.0
2021-11-09,34.8,29.7,29.7,1363900.0
2021-11-10,29.77,29.22,29.22,1149700.0
2021-11-11,30.5,32.42,32.42,1050500.0
2021-11-12,32.42,33.78,33.78,985200.0
2021-11-15,33.89,32.61,32.61,1029700.0
2021-11-16,32.59,35.34,35.34,1340200.0
2021-11-17,35.34,34.69,34.69,970000.0
2021-11-18,33.83,35.55,35.55,1018100.0
2021-11-19,35.44,35.82,35.82,1045200.0
2021-11-22,36.14,35.04,35.04,1473000.0
2021-11-23,35.23,34.39,34.39,885300.0
2021-11-24,34.39,35.52,35.52,697700.0
2021-11-26,34.29,34.87,34.87,481400.0
2021-11-29,35.24,35.72,35.72,531300.0
2021-11-30,35.5,35.0,35.0,1646700.0
2021-12-01,36.25,33.05,33.05,1132700.0
2021-12-02,33.9,33.71,33.71,993200.0
2021-12-03,34.0,29.65,29.65,1601200.0
2021-12-06,30.82,31.53,31.53,1476000.0
2021-12-07,32.84,33.17,33.17,1045700.0
2021-12-08,32.58,33.2,33.2,694800.0
2021-12-09,32.98,31.1,31.1,579800.0
2021-12-10,31.2,28.51,28.51,1090600.0
2021-12-13,28.22,26.48,26.48,2242700.0
2021-12-14,26.0,26.96,26.96,1339800.0
2021-12-15,26.74,26.51,26.51,1710000.0
2021-12-16,26.6,25.05,25.05,1232800.0
2021-12-17,24.51,25.91,25.91,1234000.0
2021-12-20,25.1,24.91,24.91,1004500.0
2021-12-21,25.29,24.85,24.85,1250900.0
2021-12-22,24.89,25.43,25.43,880100.0
2021-12-23,25.36,26.68,26.68,1137300.0
2021-12-27,27.0,25.99,25.99,972700.0
2021-12-28,25.7,26.62,26.62,719100.0
2021-12-29,26.22,24.08,24.08,1631000.0
2021-12-30,24.06,26.28,26.28,1753200.0
2021-12-31,26.07,27.28,27.28,936400.0
2022-01-03,28.14,27.16,27.16,1297000.0
2022-01-04,27.84,24.27,24.27,1687800.0
2022-01-05,24.5,21.34,21.34,1861600.0
2022-01-06,21.4,21.06,21.06,1673600.0
2022-01-07,21.0,19.78,19.78,2037400.0
2022-01-10,19.5,19.33,19.33,1435200.0
2022-01-11,18.58,20.23,20.23,1892900.0
2022-01-12,20.4,19.98,19.98,1253500.0
2022-01-13,20.0,18.7,18.7,786100.0
2022-01-14,18.66,19.08,19.08,1289900.0
2022-01-18,18.45,17.38,17.38,1255500.0
2022-01-19,17.41,17.11,17.11,984100.0
2022-01-20,17.53,16.71,16.71,953300.0
2022-01-21,16.49,16.15,16.15,1329500.0
2022-01-24,15.5,15.99,15.99,2558300.0
2022-01-25,15.43,14.69,14.69,1449000.0
2022-01-26,15.3,14.66,14.66,1281900.0
2022-01-27,14.95,13.68,13.68,1511500.0
2022-01-28,13.72,14.83,14.83,1797600.0
2022-01-31,14.9,16.11,16.11,1326700.0
2022-02-01,16.3,16.67,16.67,906900.0
2022-02-02,16.84,15.69,15.69,939400.0
2022-02-03,15.15,14.87,14.87,456300.0
2022-02-04,14.66,15.39,15.39,880300.0
2022-02-07,15.62,15.39,15.39,602700.0
2022-02-08,15.37,15.97,15.97,779700.0
2022-02-09,16.35,16.63,16.63,1277000.0
2022-02-10,16.29,15.96,15.96,1004300.0
2022-02-11,15.97,15.01,15.01,917600.0
2022-02-14,15.0,14.94,14.94,611200.0
2022-02-15,15.3,15.86,15.86,821000.0
2022-02-16,15.56,15.81,15.81,662300.0
2022-02-17,15.56,14.61,14.61,715900.0
2022-02-18,14.6,14.48,14.48,819200.0
2022-02-22,14.23,13.76,13.76,721400.0
2022-02-23,13.96,13.69,13.69,916800.0
2022-02-24,12.98,15.35,15.35,1598900.0
2022-02-25,15.3,15.85,15.85,1233300.0
2022-02-28,15.61,16.66,16.66,1283500.0
2022-03-01,16.55,16.29,16.29,938400.0
2022-03-02,16.31,16.44,16.44,734700.0
2022-03-03,16.56,16.02,16.02,913900.0
2022-03-04,15.45,13.36,13.36,4031800.0
2022-03-07,13.64,13.2,13.2,1581400.0
2022-03-08,13.32,14.56,14.56,2092900.0
2022-03-09,14.95,14.74,14.74,640300.0
2022-03-10,14.27,14.26,14.26,623100.0
2022-03-11,14.96,13.92,13.92,742200.0
2022-03-14,14.16,12.67,12.67,1304000.0
2022-03-15,12.73,12.92,12.92,619800.0
2022-03-16,13.23,13.93,13.93,872800.0
2022-03-17,13.9,14.52,14.52,925700.0
2022-03-18,14.48,15.47,15.47,1264600.0
2022-03-21,15.47,15.28,15.28,1603700.0
2022-03-22,15.27,15.16,15.16,914800.0
2022-03-23,15.02,14.25,14.25,1067900.0
2022-03-24,14.59,14.48,14.48,1086100.0
2022-03-25,14.42,14.15,14.15,727800.0
2022-03-28,14.15,13.77,13.77,800600.0
2022-03-29,14.13,14.65,14.65,1730900.0
2022-03-30,14.52,14.71,14.71,1487900.0
2022-03-31,14.63,14.27,14.27,627000.0
2022-04-01,14.7,14.74,14.74,1170900.0
2022-04-04,14.9,14.7,14.7,3252700.0
2022-04-05,14.78,13.75,13.75,1205100.0
2022-04-06,13.55,12.94,12.94,1122700.0
2022-04-07,12.88,12.42,12.42,1020200.0
2022-04-08,12.33,12.0,12.0,1306700.0
2022-04-11,12.2,11.6,11.6,858100.0
2022-04-12,11.83,11.39,11.39,1150100.0
2022-04-13,11.26,11.71,11.71,786800.0
2022-04-14,11.79,11.18,11.18,695000.0
2022-04-18,11.15,10.91,10.91,871400.0
2022-04-19,10.89,11.16,11.16,796800.0
2022-04-20,11.27,10.78,10.78,714100.0
2022-04-21,10.99,9.96,9.96,1443600.0
2022-04-22,9.9,9.82,9.82,942900.0
2022-04-25,9.63,9.92,9.92,1030200.0
2022-04-26,9.75,9.15,9.15,887900.0
2022-04-27,9.1,9.22,9.22,638200.0
2022-04-28,9.3,9.46,9.46,839400.0
2022-04-29,9.32,9.04,9.04,642700.0
2022-05-02,9.01,8.93,8.93,2011900.0
2022-05-03,9.19,10.68,10.68,17675400.0
2022-05-04,10.68,11.02,11.02,2641800.0
2022-05-05,10.94,10.39,10.39,2176700.0
2022-05-06,10.13,10.34,10.34,1916100.0
2022-05-09,10.0,9.02,9.02,2210900.0
2022-05-10,9.25,7.97,7.97,2536700.0
2022-05-11,7.89,7.51,7.51,1775200.0
2022-05-12,8.27,8.23,8.23,3136200.0
2022-05-13,8.57,8.78,8.78,1923600.0
2022-05-16,8.73,8.22,8.22,2650800.0
2022-05-17,8.74,9.05,9.05,1991600.0
2022-05-18,9.1,9.18,9.18,4649900.0
2022-05-19,9.12,9.74,9.74,3278200.0
2022-05-20,9.85,9.31,9.31,2028300.0
2022-05-23,9.44,9.23,9.23,1339300.0
2022-05-24,9.23,9.46,9.46,1617300.0
2022-05-25,9.32,9.92,9.92,1564000.0
2022-05-26,10.0,10.85,10.85,2066900.0
2022-05-27,10.97,12.28,12.28,2223900.0
2022-05-31,12.17,12.03,12.03,2944200.0
2022-06-01,12.11,12.1,12.1,2300100.0
2022-06-02,12.03,12.89,12.89,1941700.0
2022-06-03,12.62,12.75,12.75,1257000.0
2022-06-06,13.26,13.41,13.41,3591800.0
2022-06-07,13.1,13.37,13.37,2090700.0
2022-06-08,13.22,13.49,13.49,1421000.0
2022-06-09,13.32,12.52,12.52,1586300.0
2022-06-10,12.14,11.65,11.65,1324700.0
2022-06-13,11.09,11.31,11.31,2310700.0
2022-06-14,11.48,10.71,10.71,2442600.0
2022-06-15,10.87,11.04,11.04,4367000.0
2022-06-16,10.68,10.78,10.78,3224200.0
2022-06-17,10.77,11.12,11.12,5319400.0
2022-06-21,11.42,11.15,11.15,3655200.0
2022-06-22,10.92,11.07,11.07,3516200.0
2022-06-23,11.07,10.9,10.9,3161400.0
2022-06-24,11.07,10.4,10.4,17146800.0
2022-06-27,10.49,10.28,10.28,1682900.0
2022-06-28,10.29,9.71,9.71,1753100.0
2022-06-29,9.61,8.89,8.89,2072000.0
2022-06-30,8.78,8.91,8.91,2414600.0
2022-07-01,8.98,8.72,8.72,1863300.0
2022-07-05,8.51,8.68,8.68,2540900.0
2022-07-06,8.67,8.68,8.68,1561200.0
2022-07-07,8.75,9.29,9.29,2344200.0
2022-07-08,9.13,9.3,9.3,1531500.0
2022-07-11,9.12,8.58,8.58,1754600.0
2022-07-12,8.57,8.8,8.8,2167000.0
2022-07-13,8.56,9.26,9.26,2933400.0
2022-07-14,9.08,9.61,9.61,1632300.0
2022-07-15,9.7,9.93,9.93,1880100.0
2022-07-18,10.34,10.41,10.41,1916200.0
2022-07-19,10.51,11.17,11.17,1618100.0
2022-07-20,11.25,11.51,11.51,3600200.0
2022-07-21,11.47,11.34,11.34,1112200.0
2022-07-22,11.42,10.78,10.78,1082600.0
2022-07-25,10.76,10.67,10.67,688400.0
2022-07-26,10.55,10.18,10.18,1063300.0
2022-07-27,10.42,10.98,10.98,1612600.0
2022-07-28,11.35,11.86,11.86,1666900.0
2022-07-29,12.08,13.32,13.32,3677700.0
2022-08-01,13.3,13.5,13.5,2367900.0
2022-08-02,13.26,13.33,13.33,1904600.0
2022-08-03,13.41,13.51,13.51,1898000.0
2022-08-04,13.6,13.88,13.88,1271000.0
2022-08-05,13.97,14.41,14.41,3202600.0
2022-08-08,14.68,13.7,13.7,2592300.0
2022-08-09,14.6,14.41,14.41,4300100.0
2022-08-10,15.08,16.15,16.15,5246900.0
2022-08-11,20.04,21.13,21.13,15467600.0
2022-08-12,21.28,22.75,22.75,7186900.0
2022-08-15,22.98,24.83,24.83,6913900.0
2022-08-16,24.83,24.96,24.96,5244700.0
2022-08-17,24.33,21.41,21.41,7867900.0
2022-08-18,21.4,20.01,20.01,5702800.0
2022-08-19,19.23,19.06,19.06,4099900.0
2022-08-22,19.41,20.73,20.73,9397200.0
2022-08-23,21.56,21.33,21.33,5975600.0
2022-08-24,22.25,24.61,24.61,11691800.0
2022-08-25,25.25,24.19,24.19,12127600.0
2022-08-26,24.62,22.51,22.51,6904800.0
2022-08-29,22.0,22.43,22.43,4614400.0
2022-08-30,22.8,23.29,23.29,4865700.0
2022-08-31,23.21,22.12,22.12,4681500.0
2022-09-01,21.55,19.92,19.92,7054700.0
2022-09-02,20.15,19.43,19.43,3709800.0
2022-09-06,19.65,18.96,18.96,4434500.0
2022-09-07,18.96,20.08,20.08,4781900.0
2022-09-08,21.07,19.42,19.42,4213600.0
2022-09-09,19.49,21.06,21.06,3933500.0
2022-09-12,21.15,22.26,22.26,3660900.0
2022-09-13,20.46,21.72,21.72,4474000.0
2022-09-14,21.49,23.8,23.8,6938500.0
2022-09-15,23.56,24.48,24.48,9295800.0
2022-09-16,23.67,21.74,21.74,6793800.0
2022-09-19,21.15,22.79,22.79,3617900.0
2022-09-20,22.93,22.22,22.22,4934100.0
2022-09-21,22.25,21.88,21.88,3956500.0
2022-09-22,21.74,19.79,19.79,6686900.0
2022-09-23,18.83,18.52,18.52,5172500.0
2022-09-26,18.25,17.69,17.69,4104900.0
2022-09-27,18.19,18.17,18.17,3520800.0
2022-09-28,18.4,18.95,18.95,3634100.0
2022-09-29,18.51,17.49,17.49,4465500.0
2022-09-30,17.27,18.33,18.33,3501000.0
2022-10-03,18.46,18.98,18.98,3546700.0
2022-10-04,19.81,20.42,20.42,3541700.0
2022-10-05,19.87,19.86,19.86,2756100.0
2022-10-06,19.88,19.68,19.68,3042800.0
2022-10-07,19.3,18.93,18.93,2359300.0
2022-10-10,18.89,18.4,18.4,2276100.0
2022-10-11,18.31,18.23,18.23,3018800.0
2022-10-12,18.32,17.33,17.33,3166800.0
2022-10-13,16.7,17.56,17.56,3862500.0
2022-10-14,17.65,16.44,16.44,2461100.0
2022-10-17,17.05,17.35,17.35,1832900.0
2022-10-18,18.11,16.97,16.97,2656100.0
2022-10-19,16.52,16.33,16.33,2794200.0
2022-10-20,16.21,15.91,15.91,2583100.0
2022-10-21,15.76,16.48,16.48,2055200.0
2022-10-24,16.38,15.82,15.82,2019400.0
2022-10-25,15.82,17.52,17.52,2696000.0
2022-10-26,17.58,17.88,17.88,3817600.0
2022-10-27,18.04,18.1,18.1,2810100.0
2022-10-28,18.34,18.5,18.5,2817600.0
2022-10-31,18.56,18.87,18.87,5999100.0
2022-11-01,19.14,17.99,17.99,4241800.0
2022-11-02,13.41,10.53,10.53,28099600.0
2022-11-03,10.5,10.74,10.74,7050800.0
2022-11-04,10.98,10.74,10.74,5421300.0
2022-11-07,11.47,11.85,11.85,7843500.0
2022-11-08,11.89,12.3,12.3,3864100.0
2022-11-09,12.13,11.88,11.88,2479500.0
2022-11-10,12.54,12.94,12.94,3425400.0
2022-11-11,13.09,13.61,13.61,3304600.0
2022-11-14,13.67,13.96,13.96,3136700.0
2022-11-15,14.53,14.84,14.84,3989600.0
2022-11-16,14.55,13.68,13.68,2933900.0
2022-11-17,13.19,13.2,13.2,2998800.0
2022-11-18,13.64,12.9,12.9,3005700.0
2022-11-21,12.66,12.25,12.25,2450000.0
2022-11-22,12.17,11.9,11.9,4081400.0
2022-11-23,11.9,12.45,12.45,2119100.0
2022-11-25,12.3,12.64,12.64,731900.0
2022-11-28,12.54,11.8,11.8,2163200.0
2022-11-29,11.9,12.25,12.25,2496700.0
2022-11-30,12.21,13.05,13.05,2437600.0
2022-12-01,13.0,12.28,12.28,2292200.0
2022-12-02,12.2,12.95,12.95,2070900.0
2022-12-05,12.88,12.23,12.23,2479400.0
2022-12-06,12.25,11.73,11.73,1837400.0
2022-12-07,11.66,11.9,11.9,1947300.0
2022-12-08,12.0,12.0,12.0,3119500.0
2022-12-09,12.02,11.62,11.62,1581600.0
2022-12-12,11.56,11.59,11.59,1876200.0
2022-12-13,12.1,11.4,11.4,3242300.0
2022-12-14,11.39,11.35,11.35,2478100.0
2022-12-15,11.2,10.86,10.86,2938000.0
2022-12-16,10.7,11.19,11.19,3381000.0
2022-12-19,11.24,10.75,10.75,2505900.0
2022-12-20,10.63,11.18,11.18,3744200.0
2022-12-21,11.22,11.14,11.14,1971000.0
2022-12-22,10.95,10.8,10.8,2950600.0
2022-12-23,10.89,10.96,10.96,2373100.0
2022-12-27,10.96,10.8,10.8,2647100.0
2022-12-28,10.8,10.96,10.96,3557200.0
2022-12-29,11.2,12.61,12.61,5040900.0
2022-12-30,12.79,12.44,12.44,5571700.0
2023-01-03,12.81,12.12,12.12,4724800.0
2023-01-04,7.73,7.15,7.15,37943100.0
2023-01-05,7.04,7.54,7.54,12568400.0
2023-01-06,7.56,8.05,8.05,8367900.0
2023-01-09,8.18,8.32,8.32,4466000.0
2023-01-10,8.31,8.55,8.55,3502100.0
2023-01-11,8.9,8.62,8.62,5953300.0
2023-01-12,8.7,8.53,8.53,4882400.0
2023-01-13,8.37,8.25,8.25,4219900.0
2023-01-17,8.23,8.3,8.3,3250900.0
2023-01-18,8.34,8.07,8.07,3480800.0
2023-01-19,7.91,7.73,7.73,2975600.0
2023-01-20,7.89,7.96,7.96,2580200.0
2023-01-23,8.0,8.22,8.22,3200700.0
2023-01-24,8.1,7.99,7.99,4494300.0
2023-01-25,7.8,7.97,7.97,2899000.0
2023-01-26,8.15,7.68,7.68,3376000.0
2023-01-27,7.65,8.14,8.14,5070000.0
2023-01-30,7.99,7.61,7.61,2779400.0
2023-01-31,7.64,7.94,7.94,2945100.0
2023-02-01,7.99,8.2,8.2,4112200.0
2023-02-02,8.45,8.78,8.78,5244300.0
2023-02-03,8.51,9.09,9.09,4163100.0
2023-02-06,8.89,8.97,8.97,2232400.0
2023-02-07,8.93,8.87,8.87,2630800.0
2023-02-08,8.79,8.57,8.57,2266500.0
2023-02-09,8.85,8.61,8.61,3828200.0
2023-02-10,8.59,8.27,8.27,2646000.0
2023-02-13,8.31,8.29,8.29,2129000.0
2023-02-14,8.2,8.45,8.45,1958200.0
2023-02-15,8.34,9.11,9.11,2136600.0
2023-02-16,8.92,8.77,8.77,2615700.0
2023-02-17,8.7,8.69,8.69,2850100.0
2023-02-21,8.5,7.97,7.97,2748100.0
2023-02-22,8.04,8.28,8.28,3720900.0
2023-02-23,9.6,9.27,9.27,12344900.0
2023-02-24,9.0,8.86,8.86,4523800.0
2023-02-27,9.0,8.58,8.58,3103900.0
2023-02-28,8.61,9.22,9.22,4405500.0
2023-03-01,9.29,8.87,8.87,3697600.0
2023-03-02,8.74,8.79,8.79,2223400.0
2023-03-03,8.88,9.72,9.72,4188600.0
2023-03-06,9.79,9.87,9.87,4085400.0
2023-03-07,9.9,9.99,9.99,3392000.0
2023-03-08,10.19,9.91,9.91,3334200.0
2023-03-09,9.9,9.52,9.52,3282300.0
2023-03-10,9.85,9.56,9.56,5514600.0
2023-03-13,9.7,10.87,10.87,8765500.0
2023-03-14,11.24,10.99,10.99,5150300.0
2023-03-15,10.81,10.25,10.25,4693900.0
2023-03-16,10.64,10.87,10.87,5125600.0
2023-03-17,10.94,11.23,11.23,6814800.0
2023-03-20,11.25,10.85,10.85,4617700.0
2023-03-21,11.1,11.57,11.57,6445700.0
2023-03-22,11.53,11.01,11.01,4670700.0
2023-03-23,11.35,11.5,11.5,6994100.0
2023-03-24,11.3,11.24,11.24,4513100.0
2023-03-27,11.36,11.66,11.66,3935000.0
2023-03-28,11.63,11.24,11.24,3404400.0
2023-03-29,12.02,13.65,13.65,17161700.0
2023-03-30,13.89,14.2,14.2,11248700.0
2023-03-31,14.22,14.91,14.91,9918900.0
2023-04-03,14.83,14.31,14.31,7098400.0
2023-04-04,14.53,14.25,14.25,4503300.0
2023-04-05,14.04,12.89,12.89,6681900.0
2023-04-06,12.71,12.31,12.31,5561600.0
2023-04-10,12.3,13.13,13.13,6058300.0
2023-04-11,13.2,13.84,13.84,4574700.0
2023-04-12,14.23,14.04,14.04,6682000.0
2023-04-13,14.19,13.93,13.93,4442000.0
2023-04-14,13.94,13.68,13.68,4894400.0
2023-04-17,13.71,13.57,13.57,4099500.0
2023-04-18,13.58,13.31,13.31,17429300.0
2023-04-19,13.1,12.59,12.59,10948200.0
2023-04-20,12.34,12.64,12.64,6011300.0
2023-04-21,12.63,12.59,12.59,4729900.0
2023-04-24,12.61,13.24,13.24,5849800.0
2023-04-25,13.07,12.67,12.67,6081100.0
2023-04-26,12.8,12.5,12.5,6677900.0
2023-04-27,12.14,10.54,10.54,24575200.0
2023-04-28,10.49,10.82,10.82,6401500.0
2023-05-01,10.77,10.93,10.93,5176900.0
2023-05-02,10.87,11.0,11.0,3890200.0
2023-05-03,10.97,11.52,11.52,4779200.0
2023-05-04,11.49,11.77,11.77,3538500.0
2023-05-05,12.12,12.64,12.64,5030800.0
2023-05-08,12.68,13.33,13.33,5670600.0
2023-05-09,13.03,13.11,13.11,3539800.0
2023-05-10,13.32,13.02,13.02,4130700.0
2023-05-11,13.02,12.73,12.73,3490200.0
2023-05-12,12.82,12.56,12.56,2593400.0
2023-05-15,12.56,12.78,12.78,2189700.0
2023-05-16,12.62,12.38,12.38,2931500.0
2023-05-17,12.35,12.56,12.56,3398400.0
2023-05-18,12.49,12.08,12.08,4219700.0
2023-05-19,12.18,11.67,11.67,3189600.0
2023-05-22,11.67,12.09,12.09,4413300.0
2023-05-23,12.0,12.13,12.13,3502100.0
2023-05-24,12.0,11.99,11.99,2678700.0
2023-05-25,12.15,12.3,12.3,3203800.0
2023-05-26,12.35,12.13,12.13,3191000.0
2023-05-30,12.26,13.25,13.25,6236200.0
2023-05-31,13.23,13.27,13.27,5785900.0
2023-06-01,13.21,14.48,14.48,8010600.0
2023-06-02,14.75,14.27,14.27,5142100.0
2023-06-05,13.61,13.11,13.11,7684100.0
2023-06-06,13.17,13.72,13.72,5444100.0
2023-06-07,13.8,13.61,13.61,6655200.0
2023-06-08,13.59,14.14,14.14,6812100.0
2023-06-09,14.18,13.73,13.73,3623300.0
2023-06-12,13.83,13.44,13.44,3601000.0
2023-06-13,13.65,14.12,14.12,5340000.0
2023-06-14,14.05,13.57,13.57,4266200.0
2023-06-15,13.42,13.63,13.63,3195500.0
2023-06-16,15.25,15.12,15.12,19304600.0
2023-06-20,15.0,14.68,14.68,13483100.0
2023-06-21,14.52,14.42,14.42,5603700.0
2023-06-22,14.15,13.63,13.63,5951900.0
2023-06-23,13.16,13.79,13.79,7860700.0
2023-06-26,13.62,13.12,13.12,6393700.0
2023-06-27,13.91,16.43,16.43,27693400.0
2023-06-28,16.47,17.19,17.19,17144700.0
2023-06-29,17.32,17.92,17.92,9483300.0
2023-06-30,18.07,18.04,18.04,9417500.0
2023-07-03,18.0,18.82,18.82,4906400.0
2023-07-05,18.7,19.26,19.26,8353400.0
2023-07-06,18.76,18.63,18.63,8841600.0
2023-07-07,18.6,18.74,18.74,7819400.0
2023-07-10,18.96,19.8,19.8,7155800.0
2023-07-11,19.8,20.03,20.03,7447300.0
2023-07-12,20.55,20.04,20.04,5973400.0
2023-07-13,20.37,20.77,20.77,7353400.0
2023-07-14,20.86,20.55,20.55,6700500.0
2023-07-17,20.56,21.41,21.41,6319100.0
2023-07-18,21.9,22.21,22.21,12604900.0
2023-07-19,22.14,21.26,21.26,7030600.0
2023-07-20,21.05,21.07,21.07,7782300.0
2023-07-21,20.01,19.48,19.48,8695500.0
2023-07-24,19.65,18.92,18.92,5290400.0
2023-07-25,19.04,19.02,19.02,3705300.0
2023-07-26,18.88,19.6,19.6,7777100.0
2023-07-27,22.04,18.64,18.64,23670600.0
2023-07-28,19.06,19.83,19.83,9394200.0
2023-07-31,20.21,21.52,21.52,8068100.0
2023-08-01,21.08,21.26,21.26,5258900.0
2023-08-02,20.8,19.12,19.12,8797400.0
2023-08-03,18.77,17.82,17.82,9163700.0
2023-08-04,17.84,17.83,17.83,5487800.0
2023-08-07,17.82,17.59,17.59,3422300.0
2023-08-08,17.3,17.75,17.75,4045000.0
2023-08-09,17.7,17.52,17.52,3465100.0
2023-08-10,17.17,16.53,16.53,10688000.0
2023-08-11,16.15,16.11,16.11,4207800.0
2023-08-14,15.8,15.92,15.92,3597500.0
2023-08-15,15.84,15.52,15.52,4927200.0
2023-08-16,15.42,15.04,15.04,4168000.0
2023-08-17,15.0,13.89,13.89,9157500.0
2023-08-18,13.55,14.05,14.05,6199400.0
2023-08-21,14.05,13.89,13.89,5002600.0
2023-08-22,14.25,13.53,13.53,4817200.0
2023-08-23,13.56,13.89,13.89,4380200.0
2023-08-24,13.94,13.14,13.14,3915100.0
2023-08-25,13.3,13.93,13.93,6076200.0
2023-08-28,13.98,14.0,14.0,3315100.0
2023-08-29,13.97,14.14,14.14,3913100.0
2023-08-30,14.14,13.92,13.92,3594000.0
2023-08-31,13.99,13.78,13.78,3067900.0
2023-09-01,13.9,14.1,14.1,3172100.0
2023-09-05,14.0,14.1,14.1,2728700.0
2023-09-06,13.97,14.05,14.05,3053800.0
2023-09-07,13.78,14.11,14.11,2922700.0
2023-09-08,14.14,14.67,14.67,3724900.0
2023-09-11,14.94,14.98,14.98,4622000.0
2023-09-12,14.85,14.7,14.7,4280900.0
2023-09-13,14.58,14.5,14.5,3946000.0
2023-09-14,14.6,15.0,15.0,5158200.0
2023-09-15,14.97,14.66,14.66,5574700.0
2023-09-18,14.56,13.37,13.37,6189400.0
2023-09-19,13.1,13.17,13.17,4292100.0
2023-09-20,13.21,12.46,12.46,5045300.0
2023-09-21,12.64,12.31,12.31,4919300.0
2023-09-22,12.36,11.83,11.83,5123200.0
2023-09-25,11.75,11.8,11.8,3889800.0
2023-09-26,11.59,11.73,11.73,3592200.0
2023-09-27,11.95,12.42,12.42,5536000.0
2023-09-28,12.48,12.71,12.71,3971600.0
2023-09-29,12.99,12.55,12.55,3567800.0
2023-10-02,12.5,11.81,11.81,3776200.0
2023-10-03,10.09,10.3,10.3,17314000.0
2023-10-04,10.1,10.26,10.26,7225600.0
2023-10-05,10.18,9.97,9.97,4753800.0
2023-10-06,9.77,10.33,10.33,5441100.0
2023-10-09,10.1,10.27,10.27,3711300.0
2023-10-10,10.28,10.88,10.88,4493400.0
2023-10-11,11.05,11.19,11.19,5186500.0
2023-10-12,11.1,10.41,10.41,6434200.0
2023-10-13,10.5,10.18,10.18,4125200.0
2023-10-16,10.22,10.69,10.69,3189900.0
2023-10-17,10.36,10.91,10.91,3275500.0
2023-10-18,10.8,10.4,10.4,3367300.0
2023-10-19,10.46,10.21,10.21,3168000.0
2023-10-20,10.08,9.88,9.88,4996700.0
2023-10-23,9.76,9.65,9.65,3920800.0
2023-10-24,9.75,10.09,10.09,3223100.0
2023-10-25,9.89,9.19,9.19,5510000.0
2023-10-26,9.15,8.99,8.99,4883300.0
2023-10-27,9.2,8.77,8.77,2907400.0
2023-10-30,8.91,8.7,8.7,3929500.0
2023-10-31,8.7,8.91,8.91,5120700.0
2023-11-01,8.93,9.05,9.05,3663900.0
2023-11-02,9.49,10.23,10.23,5747300.0
2023-11-03,10.55,10.59,10.59,6953200.0
2023-11-06,10.66,10.19,10.19,3031900.0
2023-11-07,10.21,10.24,10.24,3891100.0
2023-11-08,12.02,11.75,11.75,10209800.0
2023-11-09,11.93,10.71,10.71,6574700.0
2023-11-10,10.75,10.44,10.44,4689000.0
2023-11-13,10.31,10.4,10.4,3602900.0
2023-11-14,11.0,11.22,11.22,5552100.0
2023-11-15,11.29,11.61,11.61,6456700.0
2023-11-16,11.43,11.37,11.37,5341200.0
2023-11-17,11.47,11.6,11.6,3367800.0
2023-11-20,11.63,11.62,11.62,3497000.0
2023-11-21,11.4,11.01,11.01,3046200.0
2023-11-22,11.1,10.95,10.95,2295200.0
2023-11-24,10.91,11.03,11.03,1278300.0
2023-11-27,11.01,10.99,10.99,2400200.0
2023-11-28,10.9,10.92,10.92,3622500.0
2023-11-29,11.31,11.15,11.15,3971000.0
2023-11-30,11.26,11.07,11.07,2611000.0
2023-12-01,11.01,12.39,12.39,5249700.0
2023-12-04,12.31,12.45,12.45,4030200.0
2023-12-05,12.24,11.62,11.62,3753100.0
2023-12-06,11.76,11.46,11.46,2832400.0
2023-12-07,11.57,11.28,11.28,2956700.0
2023-12-08,11.2,11.76,11.76,3133300.0
2023-12-11,11.88,11.97,11.97,3403400.0
2023-12-12,11.85,11.8,11.8,2541100.0
2023-12-13,11.8,12.75,12.75,3409500.0
2023-12-14,13.24,14.02,14.02,8391000.0
2023-12-15,14.25,14.56,14.56,8941700.0
2023-12-18,14.53,14.1,14.1,4454200.0
2023-12-19,14.18,14.31,14.31,3793600.0
2023-12-20,14.22,14.46,14.46,1565833.0
2023-12-21,13.86,13.85,13.85,4015400.0
2023-12-22,14.0,13.43,13.43,4121525.0
2023-12-26,13.44,13.31,13.31,1663964.0
2023-12-27,13.29,12.94,12.94,3173900.0
2023-12-28,12.88,12.81,12.81,2166486.0
2023-12-29,12.95,12.57,12.57,771038.0
2024-01-02,12.32,12.22,12.22,3422100.0
2024-01-03,11.96,11.72,11.72,4007518.0
2024-01-04,11.9,11.9,11.9,6012231.0
2024-01-05,11.85,12.19,12.19,4587800.0
2024-01-08,12.3,13.02,13.02,5192500.0
2024-01-09,12.81,12.33,12.33,3780600.0
2024-01-10,12.28,11.55,11.55,4864200.0
2024-01-11,11.4,11.38,11.38,3704100.0
2024-01-12,11.42,10.96,10.96,3339200.0
2024-01-16,10.8,10.47,10.47,3940537.0
2024-01-17,10.18,10.0,10.0,4088900.0
2024-01-18,10.1,9.6,9.6,5409900.0
2024-01-19,9.61,9.11,9.11,2855276.0
2024-01-22,9.7,9.96,9.96,5622500.0
2024-01-23,10.28,10.23,10.23,800169.0
2024-01-24,10.18,10.06,10.06,363725.0
2024-01-25,9.81,9.96,9.96,2598300.0
2024-01-26,10.1,9.66,9.66,2328900.0
2024-01-29,9.72,9.97,9.97,768407.0
2024-01-30,9.93,9.77,9.77,2472500.0
2024-01-31,9.75,9.76,9.76,996656.0
2024-02-01,9.4,9.1,9.1,2057623.0
2024-02-02,9.29,9.24,9.24,1292832.0
2024-02-05,9.5,9.14,9.14,3391900.0
2024-02-06,9.09,9.84,9.84,3972600.0
2024-02-07,9.85,9.72,9.72,2012500.0
2024-02-08,9.71,10.27,10.27,1739301.0
2024-02-09,11.44,11.22,11.22,3425025.0
2024-02-12,11.84,12.05,12.05,4708000.0
2024-02-13,11.2,11.15,11.15,4121315.0
2024-02-14,11.56,11.73,11.73,2666300.0
2024-02-15,11.56,11.52,11.52,1267850.0
2024-02-16,11.92,11.68,11.68,975741.0
2024-02-20,12.48,11.78,11.78,6748200.0
2024-02-21,10.71,10.73,10.73,8429800.0
2024-02-22,10.8,9.72,9.72,7861100.0
2024-02-23,9.86,9.55,9.55,4385200.0
2024-02-26,9.5,9.71,9.71,3774500.0
2024-02-27,9.88,10.09,10.09,4037800.0
2024-02-28,9.9,9.46,9.46,4208609.0
2024-02-29,9.83,9.75,9.75,4749000.0
2024-03-01,9.75,9.74,9.74,3145900.0
2024-03-04,9.75,9.65,9.65,93891.0
2024-03-05,9.51,9.36,9.36,3505000.0
2024-03-06,9.55,9.36,9.36,2817600.0
2024-03-07,9.45,9.3,9.3,2749800.0
2024-03-08,9.35,9.09,9.09,4277700.0
2024-03-11,9.11,8.94,8.94,1254551.0
2024-03-12,8.99,9.02,9.02,3463000.0
2024-03-13,8.91,7.93,7.93,13850100.0
2024-03-14,8.14,7.94,7.94,2478697.0
2024-03-15,7.66,7.84,7.84,4950200.0
2024-03-18,7.83,7.34,7.34,2637152.0
2024-03-19,7.27,7.47,7.47,1319299.0
2024-03-20,7.8,8.41,8.41,6236200.0
2024-03-21,8.49,8.68,8.68,5672400.0
2024-03-22,8.6,8.22,8.22,3238400.0
2024-03-25,8.22,7.85,7.85,3622200.0
2024-03-26,7.92,7.63,7.63,4130800.0
2024-03-27,7.74,8.03,8.03,3543027.0
2024-03-28,7.99,8.01,8.01,2816200.0
2024-04-01,8.14,7.91,7.91,1937300.0
2024-04-02,7.69,7.6,7.6,2310700.0
2024-04-03,7.6,7.61,7.61,2041900.0
2024-04-04,7.77,7.73,7.73,3334772.0
2024-04-05,7.63,7.55,7.55,1827000.0
2024-04-08,7.61,7.63,7.63,115939.0
2024-04-09,7.39,7.57,7.57,287546.0
2024-04-10,7.37,7.26,7.26,1506581.0
2024-04-11,7.2,7.34,7.34,2614200.0
2024-04-12,7.23,7.31,7.31,2919300.0
2024-04-15,7.29,7.03,7.03,1249064.0
2024-04-16,7.02,6.89,6.89,2083393.0
2024-04-17,6.97,6.63,6.63,4719800.0
2024-04-18,6.66,6.01,6.01,13081200.0
2024-04-19,6.02,6.14,6.14,801972.0
2024-04-22,6.25,5.95,5.95,2554739.0
2024-04-23,5.97,6.15,6.15,1723589.0
2024-04-24,6.05,6.02,6.02,2592654.0
2024-04-25,5.87,5.82,5.82,1876646.0
2024-04-26,5.85,6.46,6.46,4777800.0
2024-04-29,6.56,6.82,6.82,1840190.0
2024-04-30,6.42,6.36,6.36,1061453.0
2024-05-01,6.21,6.51,6.51,7999000.0
2024-05-02,8.85,9.47,9.47,25825200.0
2024-05-03,9.84,10.09,10.09,11883068.0
2024-05-06,10.2,9.78,9.78,10906700.0
2024-05-07,9.41,9.0,9.0,8925200.0
2024-05-08,8.73,9.08,9.08,4854800.0
2024-05-09,9.06,9.07,9.07,346717.0
2024-05-10,9.19,8.51,8.51,2948800.0
2024-05-13,8.64,8.78,8.78,9793200.0
2024-05-14,9.17,9.78,9.78,12032900.0
2024-05-15,9.96,9.34,9.34,5563900.0
2024-05-16,9.33,9.19,9.19,2270600.0
2024-05-17,9.14,10.04,10.04,5624800.0
2024-05-20,10.04,10.18,10.18,1418007.0
2024-05-21,9.95,9.96,9.96,290640.0
2024-05-22,10.3,10.58,10.58,7556173.0
2024-05-23,10.6,10.41,10.41,244069.0
2024-05-24,9.74,10.81,10.81,5883800.0
2024-05-28,10.99,10.78,10.78,5309700.0
2024-05-29,10.5,10.45,10.45,155461.0
2024-05-30,10.57,10.47,10.47,230891.0
2024-05-31,11.2,10.62,10.62,4481507.0
2024-06-03,10.91,10.65,10.65,4975700.0
2024-06-04,10.47,10.39,10.39,376390.0
2024-06-05,10.23,10.85,10.85,3047300.0
2024-06-06,10.75,10.77,10.77,2910600.0
2024-06-07,10.5,10.69,10.69,1555391.0
2024-06-10,10.4,11.39,11.39,6428900.0
2024-06-11,11.19,12.36,12.36,8022283.0
2024-06-12,12.79,13.22,13.22,12554900.0
2024-06-13,13.3,12.9,12.9,996872.0
2024-06-14,12.57,12.2,12.2,4723441.0
2024-06-17,12.01,12.21,12.21,5133300.0
2024-06-18,12.04,12.46,12.46,3083100.0
2024-06-20,12.39,11.93,11.93,3134000.0
2024-06-21,11.93,12.0,12.0,4449800.0
2024-06-24,11.93,12.04,12.04,3372100.0
2024-06-25,14.05,14.97,14.97,5911107.0
2024-06-26,15.77,15.03,15.03,13595800.0
2024-06-27,15.0,15.69,15.69,6528700.0
2024-06-28,15.7,15.46,15.46,8474500.0
2024-07-01,15.25,15.1,15.1,4835000.0
2024-07-02,15.21,14.19,14.19,6079800.0
2024-07-03,14.49,15.28,15.28,6241100.0
2024-07-05,15.2,16.0,16.0,5717800.0
2024-07-08,16.44,16.0,16.0,3895665.0
2024-07-09,16.73,17.22,17.22,6120900.0
2024-07-10,17.38,17.5,17.5,6020900.0
2024-07-11,17.96,17.76,17.76,8920900.0
2024-07-12,17.89,18.12,18.12,6446469.0
2024-07-15,18.06,18.31,18.31,4772646.0
2024-07-16,18.49,18.26,18.26,4034200.0
2024-07-17,17.64,17.37,17.37,4889800.0
2024-07-18,17.43,16.05,16.05,6145200.0
2024-07-19,15.99,15.58,15.58,3844200.0
2024-07-22,16.16,15.25,15.25,5113200.0
2024-07-23,15.11,16.2,16.2,4558700.0
2024-07-24,15.92,15.12,15.12,4517200.0
2024-07-25,14.93,14.55,14.55,4956400.0
2024-07-26,14.83,14.64,14.64,3480000.0
2024-07-29,14.89,14.33,14.33,4273100.0
2024-07-30,14.4,14.1,14.1,4353100.0
2024-07-31,14.49,14.41,14.41,7689400.0
2024-08-01,13.86,11.65,11.65,15666100.0
2024-08-02,11.1,11.97,11.97,9292800.0
2024-08-05,10.58,11.39,11.39,7039400.0
2024-08-06,11.58,10.63,10.63,7667700.0
2024-08-07,10.88,10.87,10.87,7950000.0
2024-08-08,10.98,11.33,11.33,1258540.0
2024-08-09,11.79,10.56,10.56,5588200.0
2024-08-12,10.73,9.95,9.95,7992400.0
2024-08-13,10.0,10.63,10.63,6986200.0
2024-08-14,10.54,10.19,10.19,4863100.0
2024-08-15,10.47,10.66,10.66,4114600.0
2024-08-16,10.62,9.81,9.81,5394800.0
2024-08-19,9.9,10.13,10.13,4304000.0
2024-08-20,10.1,10.11,10.11,3299200.0
2024-08-21,10.2,10.5,10.5,3855034.0
2024-08-22,10.47,10.23,10.23,2896500.0
2024-08-23,10.35,10.57,10.57,3694800.0
2024-08-26,10.65,10.43,10.43,2257647.0
2024-08-27,10.4,10.19,10.19,3024847.0
2024-08-28,10.02,9.81,9.81,4030102.0
2024-08-29,9.97,9.67,9.67,3143100.0
2024-08-30,9.78,9.52,9.52,3397000.0
2024-09-03,9.41,8.63,8.63,4965700.0
2024-09-04,8.54,8.53,8.53,5674800.0
2024-09-05,8.5,8.15,8.15,4059513.0
2024-09-06,8.11,7.95,7.95,4629702.0
2024-09-09,7.94,7.61,7.61,5272120.0
2024-09-10,7.62,8.27,8.27,8235900.0
2024-09-11,8.3,8.95,8.95,7125900.0
2024-09-12,8.99,9.34,9.34,8231900.0
2024-09-13,10.09,9.7,9.7,8913600.0
2024-09-16,9.68,9.77,9.77,4267500.0
2024-09-17,9.74,9.25,9.25,5350900.0
2024-09-18,9.16,8.49,8.49,8163600.0
2024-09-19,8.82,8.44,8.44,6001000.0
2024-09-20,8.8,8.45,8.45,5775144.0
2024-09-23,8.5,8.44,8.44,3582000.0
2024-09-24,8.5,8.91,8.91,4150800.0
2024-09-25,8.94,9.07,9.07,4114500.0
2024-09-26,9.23,9.33,9.33,3826200.0
2024-09-27,9.51,9.55,9.55,3354000.0
2024-09-30,9.52,9.34,9.34,2603930.0
2024-10-01,9.3,8.58,8.58,3927603.0
2024-10-02,9.14,10.3,10.3,12199100.0
2024-10-03,10.19,10.65,10.65,6874900.0
2024-10-04,10.87,11.88,11.88,8365300.0
2024-10-07,11.83,12.11,12.11,7414600.0
2024-10-08,11.98,11.81,11.81,6322800.0
2024-10-09,11.85,12.55,12.55,6167200.0
2024-10-10,12.45,11.69,11.69,4839400.0
2024-10-11,11.54,12.79,12.79,5746100.0
2024-10-14,12.8,12.81,12.81,4613200.0
2024-10-15,12.74,11.93,11.93,6510700.0
2024-10-16,11.75,11.09,11.09,10147700.0
2024-10-17,11.13,11.43,11.43,4690000.0
2024-10-18,11.54,11.69,11.69,872643.0
2024-10-21,11.39,11.46,11.46,3631200.0
2024-10-22,11.46,11.27,11.27,2708200.0
2024-10-23,11.1,10.52,10.52,5125400.0
2024-10-24,10.69,10.88,10.88,3952000.0
2024-10-25,10.87,10.41,10.41,3496200.0
2024-10-28,10.66,11.41,11.41,5148000.0
2024-10-29,11.44,10.63,10.63,11168000.0
2024-10-30,11.6,10.48,10.48,14685800.0
2024-10-31,9.47,9.01,9.01,29623600.0
2024-11-01,9.12,9.03,9.03,7879800.0
2024-11-04,8.87,8.34,8.34,7653700.0
2024-11-05,8.25,9.14,9.14,8592800.0
2024-11-06,9.31,9.08,9.08,6414600.0
2024-11-07,9.17,8.94,8.94,4975000.0
2024-11-08,8.9,9.38,9.38,4543200.0
2024-11-11,9.63,9.99,9.99,6934000.0
2024-11-12,9.82,9.22,9.22,5056300.0
2024-11-13,9.26,8.75,8.75,6016203.0
2024-11-14,8.84,8.85,8.85,5280600.0
2024-11-15,8.81,8.48,8.48,4400300.0
2024-11-18,8.62,8.56,8.56,4767400.0
2024-11-19,8.4,8.93,8.93,3178300.0
2024-11-20,8.83,9.01,9.01,4024400.0
2024-11-21,9.08,9.1,9.1,4056400.0
2024-11-22,9.1,9.43,9.43,3642700.0
2024-11-25,9.65,9.53,9.53,4759100.0
2024-11-26,9.35,9.22,9.22,4262400.0
2024-11-27,9.42,9.23,9.23,2514400.0
2024-11-29,9.25,9.25,9.25,2579400.0
2024-12-02,9.28,10.21,10.21,12225200.0
2024-12-03,10.0,9.89,9.89,4939000.0
2024-12-04,9.89,10.07,10.07,3088300.0
2024-12-05,10.08,9.3,9.3,5304550.0
2024-12-06,9.48,9.56,9.56,2847600.0
2024-12-09,9.72,9.86,9.86,5055800.0
2024-12-10,9.62,9.34,9.34,3674000.0
2024-12-11,9.5,9.38,9.38,3741500.0
2024-12-12,9.3,9.1,9.1,3288500.0
2024-12-13,9.1,8.98,8.98,3025900.0
2024-12-16,8.29,8.42,8.42,18925200.0
2024-12-17,8.44,8.65,8.65,4951900.0
2024-12-18,8.64,8.12,8.12,6139600.0
2024-12-19,8.38,8.03,8.03,4154000.0
2024-12-20,8.35,9.73,9.73,16228900.0
2024-12-23,9.75,10.01,10.01,5917000.0
2024-12-24,10.02,10.08,10.08,2354500.0
2024-12-26,10.0,11.42,11.42,7087389.0
2024-12-27,11.24,11.28,11.28,5033800.0
2024-12-30,10.94,11.0,11.0,4461661.0
2024-12-31,11.12,10.87,10.87,5223800.0
2025-01-02,11.02,12.11,12.11,8409471.0
2025-01-03,12.03,12.66,12.66,5882347.0
2025-01-06,12.97,12.46,12.46,7770600.0
2025-01-07,14.15,14.33,14.33,21674200.0
2025-01-08,13.91,12.23,12.23,15986800.0
2025-01-10,12.0,11.38,11.38,8912300.0
2025-01-13,11.0,11.0,11.0,7197000.0
2025-01-14,11.27,10.56,10.56,5517800.0
2025-01-15,10.95,10.78,10.78,5302525.0
2025-01-16,10.75,10.95,10.95,6462700.0
2025-01-17,11.03,11.08,11.08,2071558.0
2025-01-21,10.73,11.47,11.47,6884500.0
2025-01-22,11.65,11.44,11.44,4314300.0
2025-01-23,11.27,12.11,12.11,7583000.0
2025-01-24,12.16,12.32,12.32,7974788.0
2025-01-27,11.75,11.14,11.14,6406600.0
2025-01-28,11.3,11.37,11.37,3335800.0
2025-01-29,11.33,11.53,11.53,172796.0
2025-01-30,12.24,12.38,12.38,4351200.0
2025-01-31,12.46,12.06,12.06,6876998.0
2025-02-03,11.39,11.84,11.84,4569014.0
2025-02-04,11.85,11.73,11.73,4180675.0
2025-02-05,11.84,11.56,11.56,4871000.0
2025-02-06,11.68,11.76,11.76,7160967.0
2025-02-07,11.85,11.78,11.78,5280100.0
2025-02-10,11.96,11.79,11.79,3336600.0
2025-02-11,11.45,11.0,11.0,2669691.0
2025-02-12,10.46,10.9,10.9,5709659.0
2025-02-13,10.99,11.09,11.09,459807.0
2025-02-14,11.03,11.45,11.45,4233400.0
2025-02-18,11.69,11.16,11.16,5279100.0
2025-02-19,11.22,11.19,11.19,13172500.0
2025-02-20,10.26,11.48,11.48,10658700.0
2025-02-21,11.63,10.72,10.72,10769600.0
2025-02-24,10.6,9.82,9.82,6840600.0
2025-02-25,9.52,9.44,9.44,8231100.0
2025-02-26,9.57,9.63,9.63,3927000.0
2025-02-27,9.77,9.04,9.04,5297600.0
2025-02-28,8.78,8.92,8.92,7590400.0
2025-03-03,9.01,8.16,8.16,7952600.0
2025-03-04,7.93,8.47,8.47,7108400.0
2025-03-05,8.68,8.62,8.62,4370800.0
2025-03-06,8.32,8.28,8.28,4921500.0
2025-03-07,8.19,8.61,8.61,3969700.0
2025-03-10,8.37,7.85,7.85,6299300.0
2025-03-11,7.89,7.45,7.45,7232800.0
2025-03-12,7.73,7.58,7.58,4964900.0
2025-03-13,7.58,7.21,7.21,4462400.0
2025-03-14,7.38,7.65,7.65,4157700.0
2025-03-17,7.66,8.17,8.17,5843700.0
2025-03-18,8.05,7.88,7.88,5212600.0
2025-03-19,7.9,8.13,8.13,3108300.0
2025-03-20,8.03,7.96,7.96,2325000.0
2025-03-21,7.81,8.45,8.45,4661200.0
2025-03-24,8.69,8.84,8.84,4522000.0
2025-03-25,8.9,8.74,8.74,3249300.0
2025-03-26,8.6,8.14,8.14,3276900.0
2025-03-27,8.08,8.01,8.01,3333500.0
2025-03-28,7.92,7.48,7.48,5463900.0
2025-03-31,7.11,7.34,7.34,5205100.0
2025-04-01,7.33,7.44,7.44,3991600.0
2025-04-02,7.34,7.63,7.63,3568500.0
2025-04-03,7.01,6.63,6.63,13368600.0
2025-04-04,6.26,6.31,6.31,9168700.0
2025-04-07,5.76,6.01,6.01,8970000.0
2025-04-08,6.38,5.46,5.46,7857700.0
2025-04-09,5.41,6.64,6.64,12090700.0
2025-04-10,6.23,5.92,5.92,8500600.0
2025-04-11,5.99,5.98,5.98,5635900.0
2025-04-14,6.39,6.01,6.01,4707300.0
2025-04-15,5.92,6.01,6.01,4067700.0
2025-04-16,5.86,5.83,5.83,3982200.0
2025-04-17,5.83,6.16,6.16,4632900.0
2025-04-21,5.97,6.14,6.14,3148500.0
2025-04-22,6.24,6.16,6.16,4234600.0
2025-04-23,6.52,6.32,6.32,5390200.0
2025-04-24,6.42,6.79,6.79,4050100.0
2025-04-25,6.71,6.84,6.84,3674900.0
2025-04-28,6.84,6.91,6.91,4095500.0
2025-04-29,6.91,6.88,6.88,2532474.0
2025-04-30,6.5,6.7,6.7,4919900.0
2025-05-01,6.64,6.14,6.14,13603600.0
2025-05-02,6.33,6.35,6.35,4885400.0
2025-05-05,6.29,6.09,6.09,4353600.0
2025-05-06,5.95,6.09,6.09,3694600.0
2025-05-07,6.13,6.18,6.18,3413600.0
2025-05-08,6.38,6.48,6.48,4080700.0
2025-05-09,6.43,6.58,6.58,4079700.0
2025-05-12,7.07,7.48,7.48,6543400.0
2025-05-13,7.56,7.93,7.93,6799200.0
2025-05-14,7.98,7.99,7.99,4696300.0
2025-05-15,7.87,7.79,7.79,3946700.0
2025-05-16,7.89,8.28,8.28,4727200.0
2025-05-19,7.91,7.96,7.96,3847810.0
2025-05-20,7.94,7.86,7.86,2845500.0
2025-05-21,7.76,7.35,7.35,3706118.0
2025-05-22,7.24,7.74,7.74,3956100.0
2025-05-23,7.45,7.77,7.77,2895500.0
2025-05-27,8.02,8.03,8.03,3778600.0
2025-05-28,8.07,8.3,8.3,3359100.0
2025-05-29,8.49,8.07,8.07,3560700.0
2025-05-30,7.98,7.62,7.62,3988500.0
2025-06-02,7.58,7.6,7.6,2493200.0
2025-06-03,7.61,7.93,7.93,2306200.0
2025-06-04,8.02,8.45,8.45,4230321.0
2025-06-05,8.45,8.03,8.03,4472100.0
2025-06-06,8.21,8.31,8.31,3404600.0
2025-06-09,8.5,8.59,8.59,6490200.0
2025-06-10,8.72,8.62,8.62,3141600.0
2025-06-11,8.78,8.68,8.68,3653900.0
2025-06-12,8.53,8.65,8.65,3165100.0
2025-06-13,8.26,8.22,8.22,4012900.0
2025-06-16,8.4,8.86,8.86,3907600.0
2025-06-17,8.7,8.44,8.44,3326500.0
2025-06-18,8.44,8.5,8.5,3192500.0
2025-06-20,8.66,8.39,8.39,612858.0
2025-06-23,8.07,8.11,8.11,3070700.0
2025-06-24,8.33,8.6,8.6,3741300.0
2025-06-25,8.7,8.72,8.72,4459900.0
2025-06-26,8.77,10.53,10.53,14354800.0
2025-06-27,10.53,9.89,9.89,7901400.0
2025-06-30,10.03,10.34,10.34,10339800.0
2025-07-01,10.02,10.15,10.15,5037800.0
2025-07-02,10.61,11.12,11.12,14618900.0
2025-07-03,11.2,11.39,11.39,4929900.0
2025-07-07,12.35,13.03,13.03,23812500.0
2025-07-08,12.97,13.14,13.14,8683639.0
2025-07-09,13.65,13.72,13.72,10784300.0
2025-07-10,13.69,14.12,14.12,8603200.0
2025-07-11,13.99,14.07,14.07,8397100.0
2025-07-14,14.04,14.65,14.65,7822800.0
2025-07-15,15.04,14.63,14.63,16329100.0
2025-07-16,14.54,14.39,14.39,567736.0
2025-07-17,14.43,14.57,14.57,3086238.0
2025-07-18,15.49,15.54,15.54,9432900.0
2025-07-21,15.53,14.43,14.43,11798800.0
2025-07-22,13.61,14.69,14.69,12349400.0
2025-07-23,14.59,14.56,14.56,7574600.0
2025-07-24,13.85,14.43,14.43,10857900.0
2025-07-25,14.49,14.69,14.69,7515600.0
2025-07-28,14.89,15.06,15.06,8258500.0
2025-07-29,15.07,14.26,14.26,8191200.0
2025-07-30,14.25,13.5,13.5,7080700.0
2025-07-31,13.63,13.4,13.4,8584200.0
2025-08-01,11.48,10.7,10.7,24282900.0
2025-08-04,11.0,10.99,10.99,7018300.0
2025-08-05,11.32,11.27,11.27,7088100.0
2025-08-06,11.23,11.23,11.23,5557400.0
2025-08-07,11.3,11.0,11.0,6352600.0
2025-08-08,11.09,10.78,10.78,4608000.0
2025-08-11,10.84,10.9,10.9,4582100.0
2025-08-12,10.9,10.7,10.7,5073700.0
2025-08-13,10.8,10.98,10.98,6327700.0
2025-08-14,10.8,10.5,10.5,6756300.0
2025-08-15,10.53,10.21,10.21,6126200.0
2025-08-18,10.21,10.17,10.17,5894400.0
2025-08-19,10.09,10.0,10.0,7249500.0
2025-08-20,10.0,10.09,10.09,6385200.0
2025-08-21,10.07,10.27,10.27,3539700.0
2025-08-22,10.35,10.51,10.51,7476600.0
2025-08-25,10.44,10.41,10.41,3785800.0
2025-08-26,10.44,10.49,10.49,4854100.0
2025-08-27,10.49,10.49,10.49,973463.0
2025-08-28,10.48,9.93,9.93,9106300.0
2025-08-29,9.85,9.62,9.62,9387400.0
2025-09-02,9.33,9.38,9.38,5558200.0
2025-09-03,9.4,9.09,9.09,3951800.0
2025-09-04,9.2,9.02,9.02,5329900.0
2025-09-05,9.2,9.19,9.19,3536300.0
2025-09-08,9.3,9.39,9.39,4869200.0
2025-09-09,9.4,9.07,9.07,3891200.0
2025-09-10,9.07,9.15,9.15,6411300.0
2025-09-11,7.89,8.0,8.0,38670600.0
2025-09-12,8.09,8.14,8.14,8765500.0
2025-09-15,8.22,9.14,9.14,14205300.0
2025-09-16,9.26,8.9,8.9,12457800.0
2025-09-17,8.89,9.31,9.31,7177400.0
2025-09-18,9.59,9.96,9.96,10332900.0
2025-09-19,9.92,10.09,10.09,8659700.0
2025-09-22,10.07,10.42,10.42,4781200.0
2025-09-23,10.48,10.48,10.48,4035891.0
2025-09-24,10.55,10.31,10.31,3489900.0
2025-09-25,9.99,10.29,10.29,5717600.0
2025-09-26,10.26,10.09,10.09,3553300.0
2025-09-29,10.24,9.97,9.97,4615800.0
2025-09-30,9.92,9.97,9.97,5216900.0
2025-10-01,9.96,11.11,11.11,11986225.0
2025-10-02,11.35,11.65,11.65,10921700.0
2025-10-03,11.76,11.92,11.92,7313800.0
2025-10-06,12.4,12.96,12.96,10028400.0
2025-10-07,13.18,12.36,12.36,7527627.0
2025-10-08,12.52,12.66,12.66,7158000.0
2025-10-09,12.73,12.55,12.55,4655500.0
2025-10-10,12.73,12.34,12.34,2436498.0
2025-10-13,12.66,13.02,13.02,11865600.0
2025-10-14,12.81,12.87,12.87,8964300.0
2025-10-15,13.34,13.19,13.19,13724690.0
2025-10-16,13.26,12.48,12.48,5464835.0
2025-10-17,11.29,11.21,11.21,6664700.0
2025-10-20,11.75,12.67,12.67,7103700.0
2025-10-21,12.43,11.85,11.85,5684600.0
2025-10-22,11.6,11.22,11.22,7320800.0
2025-10-23,11.38,11.48,11.48,4436400.0
2025-10-24,11.9,12.32,12.32,7285700.0
2025-10-27,12.49,12.17,12.17,4356400.0
2025-10-28,12.16,11.68,11.68,4647300.0
2025-10-29,11.78,11.77,11.77,6428200.0
2025-10-30,11.56,11.37,11.37,4889600.0
2025-10-31,11.59,11.99,11.99,5182700.0
2025-11-03,11.96,12.21,12.21,6248500.0
2025-11-04,11.63,11.11,11.11,6674500.0
2025-11-05,11.26,11.32,11.32,9564400.0
2025-11-06,9.98,9.03,9.03,27642300.0
2025-11-07,8.76,9.56,9.56,10358800.0
2025-11-10,9.82,9.28,9.28,7740900.0
2025-11-11,9.13,8.84,8.84,6758600.0
2025-11-12,8.9,8.35,8.35,8215500.0
2025-11-13,8.22,8.08,8.08,11344600.0
2025-11-14,7.76,8.03,8.03,6074300.0
2025-11-17,7.93,7.45,7.45,8720000.0
2025-11-18,7.28,7.5,7.5,7424900.0
2025-11-19,7.55,7.62,7.62,5125400.0
2025-11-20,7.95,7.11,7.11,6854700.0
2025-11-21,7.15,7.47,7.47,10404800.0
2025-11-24,7.49,7.58,7.58,4858800.0
2025-11-25,7.56,7.57,7.57,3727800.0
2025-11-26,7.61,7.53,7.53,3754300.0
2025-11-28,7.6,7.79,7.79,2918201.0
2025-12-01,7.56,7.29,7.29,5138800.0
2025-12-02,7.35,7.54,7.54,4437000.0
2025-12-03,7.53,8.34,8.34,5332800.0
2025-12-04,8.34,9.09,9.09,6580600.0
2025-12-05,9.04,8.96,8.96,4878700.0
2025-12-08,8.98,8.68,8.68,5882700.0
2025-12-09,8.59,8.97,8.97,7987600.0
2025-12-10,8.89,9.13,9.13,6993200.0
2025-12-11,8.89,9.0,9.0,8829700.0
2025-12-12,9.0,8.64,8.64,5085660.0
2025-12-15,8.8,7.9,7.9,7690400.0
2025-12-16,7.71,7.74,7.74,6680100.0
2025-12-17,7.71,7.2,7.2,6415400.0
2025-12-18,7.47,7.47,7.47,4925400.0
2025-12-19,7.49,7.86,7.86,8054700.0
2025-12-22,8.0,8.34,8.34,7394400.0
2025-12-23,8.24,8.4,8.4,5570300.0
2025-12-24,8.49,8.27,8.27,2374700.0
2025-12-26,8.24,7.63,7.63,4650600.0
2025-12-29,7.51,7.45,7.45,2299011.0
2025-12-30,7.64,7.53,7.53,1571128.0
2025-12-31,7.41,7.31,7.31,4666500.0
2026-01-02,7.53,7.89,7.89,5239600.0
2026-01-05,8.03,8.73,8.73,7783100.0
2026-01-06,8.74,8.68,8.68,7485000.0
2026-01-07,8.56,8.08,8.08,5518000.0
2026-01-08,8.12,7.91,7.91,5336500.0
2026-01-09,7.97,7.92,7.92,8473500.0
2026-01-12,7.88,7.86,7.86,5769100.0
2026-01-13,8.06,8.02,8.02,5357300.0
2026-01-14,7.99,8.21,8.21,5546100.0
2026-01-15,8.25,7.82,7.82,5946500.0
2026-01-16,7.8,8.24,8.24,8644700.0
2026-01-20,7.7,7.39,7.39,10779100.0
2026-01-21,7.54,7.53,7.53,7721000.0
2026-01-22,7.68,7.7,7.7,4860900.0
2026-01-23,7.72,7.53,7.53,5199200.0
2026-01-26,7.48,7.2,7.2,5372800.0
2026-01-27,7.14,7.22,7.22,6098000.0
2026-01-28,7.33,7.2,7.2,4136700.0
2026-01-29,7.27,7.13,7.13,5359300.0
2026-01-30,7.0,6.62,6.62,8131823.0
2026-02-02,6.54,6.85,6.85,6433100.0
2026-02-03,6.89,6.54,6.54,9461700.0
2026-02-04,6.67,6.41,6.41,8530600.0
2026-02-05,6.18,5.64,5.64,10449100.0
2026-02-06,5.89,6.38,6.38,9642800.0
2026-02-09,6.35,6.48,6.48,7990200.0
2026-02-10,6.48,6.28,6.28,5690200.0
2026-02-11,6.37,6.13,6.13,5833100.0
2026-02-12,6.18,5.76,5.76,7019500.0
2026-02-13,5.76,5.92,5.92,4874500.0
2026-02-17,5.84,5.92,5.92,4132300.0
2026-02-18,5.94,5.95,5.95,3769700.0
2026-02-19,5.9,6.03,6.03,2664600.0
2026-02-20,5.95,5.95,5.95,3936300.0
2026-02-23,5.85,5.87,5.87,3532300.0
2026-02-24,5.85,6.11,6.11,4836400.0
2026-02-25,6.15,6.32,6.32,2695084.0
2026-02-26,5.75,5.95,5.95,12787200.0
2026-02-27,5.79,5.27,5.27,10542600.0
2026-03-02,5.07,5.45,5.45,7351700.0
2026-03-03,5.17,5.07,5.07,6836200.0
2026-03-04,5.13,5.22,5.22,2697968.0
2026-03-05,5.06,5.05,5.05,6356000.0
2026-03-06,4.93,4.85,4.85,7034012.0
2026-03-09,4.78,5.09,5.09,7242600.0
2026-03-10,5.09,4.94,4.94,6867800.0
2026-03-11,4.94,5.01,5.01,5007100.0
2026-03-12,4.91,4.92,4.92,5456300.0
2026-03-13,5.01,4.94,4.94,4920614.0
2026-03-16,5.0,5.07,5.07,4464216.0
2026-03-17,5.06,5.11,5.11,3607200.0
2026-03-18,5.07,4.84,4.84,5109400.0
2026-03-19,4.79,5.08,5.08,4838400.0
2026-03-20,5.03,4.86,4.86,5552821.0
2026-03-23,4.98,5.02,5.02,4686800.0
2026-03-24,4.89,5.04,5.04,4517900.0
2026-03-25,5.15,5.41,5.41,3230460.0
2026-03-26,5.25,5.12,5.12,4568900.0
2026-03-27,5.06,5.23,5.23,5252900.0
2026-03-30,5.22,4.99,4.99,3084305.0
2026-03-31,4.98,5.18,5.18,6201600.0
2026-04-01,5.19,5.05,5.05,964973.0
2026-04-02,4.83,5.06,5.06,3977400.0
2026-04-06,5.09,5.75,5.75,9991600.0
2026-04-07,5.69,5.56,5.56,6853100.0
2026-04-08,5.92,5.73,5.73,5213000.0
2026-04-09,5.68,5.58,5.58,4553500.0
2026-04-10,5.68,6.09,6.09,7862700.0
2026-04-13,5.96,5.98,5.98,4401900.0
2026-04-14,6.26,6.04,6.04,2177783.0
2026-04-15,6.39,6.31,6.31,5185400.0
2026-04-16,6.41,6.54,6.54,5909400.0
2026-04-17,6.72,6.62,6.62,5620200.0
2026-04-20,6.48,6.83,6.83,4802500.0
2026-04-21,6.95,6.53,6.53,6766300.0
2026-04-22,6.75,7.0,7.0,6691100.0
2026-04-23,7.0,6.64,6.64,5925000.0
2026-04-24,6.8,6.61,6.61,4294300.0
2026-04-27,6.6,6.51,6.51,4881300.0
2026-04-28,6.25,6.37,6.37,4008600.0
2026-04-29,6.37,6.4,6.4,4309500.0
2026-04-30,6.4,6.67,6.67,4311700.0
2026-05-01,6.7,6.77,6.77,2876200.0
2026-05-04,6.84,6.75,6.75,4379800.0
2026-05-05,6.84,6.8,6.8,3517294.0
2026-05-06,6.35,6.69,6.69,8118082.0
2026-05-07,6.68,6.42,6.42,4951626.0
2026-05-08,6.48,6.61,6.61,4728890.0
2026-05-11,6.63,7.18,7.18,11830520.0
2026-05-12,7.01,6.97,6.97,6970103.0
2026-05-13,7.08,7.29,7.29,13082369.0
2026-05-14,6.31,6.3,6.3,16938580.0
2026-05-15,6.1,6.11,6.11,7771315.0
2026-05-18,6.17,5.93,5.93,7867567.0
2026-05-19,5.8,5.53,5.53,6780949.0
2026-05-20,5.57,6.36,6.36,9046207.0
2026-05-21,6.22,6.3,6.3,6028794.0
2026-05-22,6.33,6.68,6.68,11154050.0
2026-05-26,6.85,7.25,7.25,10360340.0
2026-05-27,7.22,7.5,7.5,6973748.0
2026-05-28,7.48,7.65,7.65,8063452
2026-05-29,7.555,7.98,7.98,10541522
2026-06-01,7.9,8.58,8.58,13253614
2026-06-02,8.47,8.62,8.62,10804332
2026-06-03,8.44,8.23,8.23,7293079
2026-06-04,8.0,8.36,8.36,7253123
2026-06-05,8.175,7.28,7.28,8551995
2026-06-08,7.62,7.32,7.32,3643685
2026-06-09,7.38,6.75,6.75,7614843
2026-06-10,6.63,6.28,6.28,5222471
2026-06-11,6.33,6.7,6.7,4653135
